Chrom	Pos	Cigar	Seq	Kmer	Ref_length	Supplementary	In_Dup1	In_Ace1
2R	3509639	29M1D30M	ACATTCAATAGGTTTAGCGTATTTTTTTTTTCTTTATGTTTGTTTTGTTTGTTACGCAT	Sig_kmer0001	60	False	True	False
2R	3480146	29M23S	AACCCTCGAGTAGATTATACAAAAAAAAAACAGATCAGTCAGTCAAAGATGT	Sig_kmer0002	29	False	True	False
2R	3584525	24M28H	ACATCTTTGACTGACTGATCTGTT	Sig_kmer0002	24	True	True	False
2R	3496088	45M2I34M	AACGACGACGGTGAAAGAGAACAAGTAAAACAACAAAAAATTAACAAAAAAAAACCCTCGTTTTACACATACACTCACAAT	Sig_kmer0003	79	False	True	False
2R	3462164	33M26S	GTAGTGTTGTGTTGGGTGCCGCTTTTTTTTTTTCGAACCGAACGCGATGCTTTAATGGG	Sig_kmer0004	33	False	True	False
2R	3470282	77M20S	GTATAGGGGCCGTTAAGTCCTCAAGGTCGGAAAACGCGATGAAAGGAATGCATTTAGAATAACTTCAAAAAAAAAGCTAAGCCGCTAGAAGGACATA	Sig_kmer0005	77	False	True	False
2R	3616083	30M1D31M	GTCTGCACCCCGTTAACAACACAAGAGCATAAAAAAAAAGGTCCGCTCAGCCACATTTCGT	Sig_kmer0006	62	False	True	False
2R	3450821	61M	CCCCTCATGCTGCTCCTTCCTCGTCTCATTTGTTTTTTTTCTTATACGATTGCATTTAAAA	Sig_kmer0007	61	False	True	False
2R	3518787	46M	TAATAGTGGTACCAACACTGATCGTTATTTAAAACGTGTTTTTTTT	Sig_kmer0008	46	False	True	False
2R	3496924	24M1D27M79S	AACGGTACATAAAACAACAACAACAAAAAAACAACTAAACAACAAAAAAAAAAGAGGAAAATCCCTCGCTGCTTTTGTGGGTAGATTTACGTTTTTTTCGTTGTTTCTGCTGCTGTCCGTCCGATCAACA	Sig_kmer0010	52	False	True	False
3R	22809414	44H20M66H	AAAAAAAAAGAGGAAAATCC	Sig_kmer0010	20	True	False	False
2R	3509471	81M	CGCAACTACTTTTCTACCGACGCGTTAGGATGACGGATTTTGTTTTACGATTTTTTTTAGAAACATATTTTTTATCCTTTT	Sig_kmer0011	81	False	True	False
2R	3485358	50M1I42M1I33M1I107M	ATAAACATTAGCGCAAGTGCTTACTTATTGATTATTATGAAACCATAGATAAAAAAAATGAATATCCAATTTATATAGCCTTCCTTTCAGTCATCTTTTTTTCAAATCTATTTGCCATTTTTGCATTATTTTTTTAATCGGATTAGATGAACTAAAGCCGAAATTAATAAGAATCACGATTCGGAAGGTATTACGCCAGCCATCATTAGAAGGGAGAGAAAACAGTAAAACAATT	Sig_kmer0012	232	False	True	True
2R	3504985	28M3I9M3D21M	ATGAACAGTTGGAAAAAGAGACATTCGTTTGTTTTTTTGCTTTTTTGTTTTTGCTACGTAC	Sig_kmer0013	61	False	True	False
2R	3451788	20M2D41M	TTTCACACTGTCGGTGAGTATGTGTTTGTGCGTGTTTTTTTCCTTACGAACCCGCAGGAGC	Sig_kmer0016	63	False	True	False
2R	3627762	86M1I13M	TGCAAAATTGTTAGCTACTACAGGTGTTTATGTAACTATGATTCCTATAATTCTTCGGAAGAAGATCAAAATGAATTCCGGATACGTTTTTTTCTTTATG	Sig_kmer0018	99	False	True	False
2R	3454652	33M6D30M	GGTTTGGTAGTGGTAGTTTGTGTGTGTGTGTGTGAGAGTTTTTTTGTGACTATCATAATATCC	Sig_kmer0019	69	False	True	False
2R	3462844	24M1I12M2I37M	ACTCAGCGTGCACTTTATCCCAGCTTTTTTTGTCCCAACACACTGTACCACACACTAAAGCAATGACGTCATTGAC	Sig_kmer0022	73	False	True	False
2R	3489600	14M2I44M50S	AGATTCACCCACACATACACACAAAGAACACAGATATACAGATCCCTCACCAACAAAAAACAGCTAGCGGAAAAGTGGAAAAGCTTTTTTTCATTATAATGGGTTTCCAT	Sig_kmer0023	58	False	True	True
2R	3608106	50H28M1D32M	CAACAAAAAACAGCTAGCGGAAAAGTGGAAAAGCTTTTTTTCATTATAATGGGTTTCCAT	Sig_kmer0023	61	True	True	False
2R	3495725	30M36S	GGAATGAGTTATAAAATAAATCTTGCAAAACAAAAAAAAATAATGCAAAAATGGCAAATAGATTTG	Sig_kmer0024	30	False	True	True
X	2326757	23H21M22H	TGCAAAACAAAAAAAAATAAT	Sig_kmer0024	21	True	False	False
2L	665054	39H19M8H	ATAATGCAAAAATGGCAAA	Sig_kmer0024	19	True	False	False
NA	-1	NA	CCAACCAAAAAAATGGAGTAGTATATTGTACGAGCTCTG	Sig_kmer0026	0	False	False	False
2R	3474060	33S15M6D41M1D30M	GGACATTTGTAGAAACATAAACATTAAAACTCCGAAACAAAGCAAAACAAAAAACAACAAAAATCAGATGGACCTTTATTTGAGGGAAACATTTGCCAAAGCCGAAAAGGCAAAACAGT	Sig_kmer0029	93	False	True	False
2R	3457126	39S45M	TTTGTTTCTTTTTTTTTTGTTGTTTAGTTGTTTTTTACGCTTTCATTGTTGGGGGATTTCTTTGAGCTTCCTAATCCTTCAATG	Sig_kmer0030	45	False	True	False
2R	3496950	48H18M1I17M	AAAAAACAACTAAACAACAAAAAAAAAAGAAACAAA	Sig_kmer0030	35	True	True	False
2R	3517554	58M	TAATCCAGTAAAGTGAAACAAACAAACAAAAAACAAGTAAACACAGTACTTTGTATGT	Sig_kmer0031	58	False	True	False
2R	3501428	103M	GCGACGCCGTTTTTCAGTACTTGCGGACGTCGGTTTTGACGTTTTGCGAAGGTTTTGCGACGGTTTTTTGAGTGTTGGTTTCCGAGGGAGGGTGCGGGGTACT	Sig_kmer0034	103	False	True	False
2R	3440018	44M3I34M	GCGCTCTCAGTGTGCACGTTTTCCCCATCAGTTTTCCCGAAAAAACGAGAGCGAGAGAGAGAGAGCCAGATTTTACTGCCT	Sig_kmer0035	78	False	True	False
2R	3479784	147M	TGACAAATTTGCCGCGGACGTTGAAGTGCCCCAAATTCTAAAGAAATAGATCCGTTTTTTGTACACATATAAATTCACAAAACTGCACTTGTTTCATGATTTATACAGTATAAAATATTACTGGTTTGTTTCGCTGTAGTCGATTAG	Sig_kmer0036	147	False	True	False
2R	3489602	12M2I38M4D61M	ATTCACCCACACATACACACAAAGAACACAGATATACAGATCCCTCACCAACAAAAAACGGGTTCCATCGTCTGACTCCACCCGACAGAGGCAAACACGCCGGGGTCGAGGTG	Sig_kmer0037	115	False	True	True
UNKN	26206437	23M38S	AACGTCAAAAAAGACCGTCGCCAAAGCGTCAAAAACGGTGCGAAATTCGCTCGCTGGCGAC	Sig_kmer0039	23	False	False	False
2R	3509954	75M	AAACATAAACATTAAAACTCCGAAACAAAGCATTGAAAAAAGAGCCGGATATGACTTAATGAAACAAGTAATTAA	Sig_kmer0040	75	False	True	False
2R	3626774	75M1I34M	TTAATAGAACAGTTTGTACTAAGTGCAAAAAGATTAGCATCAAAGTCACGGAAATTAACGATCAATATCTTTTTTATTGTTTCGTTGCAGATTAATGAAGAACAGCGAGA	Sig_kmer0042	109	False	True	False
2R	3630772	65M	TGGTAAAGCATCTGGAACATTAAATCAATTCTAAATCCTATGCTTTTTTGTTCTTGCAACACAGC	Sig_kmer0045	65	False	True	False
2R	3446976	68M	AATCATCATTCGGCGGCTGTACGCTTTTGGGGGGGCTTTTTTGCTGCTGCTGTTGTTATTGTTGCGTG	Sig_kmer0046	68	False	True	False
2R	3467727	25M1I37M1I83M7S	TTTTAGCAAAGTCAGCCATAGCAATGGAAATGGAAATTTGAGCGAATTAAAGTCAAACGAAACAAAAAAGCCTGCCAACGCCCGGTGCCTTTCCCTCCTGTTTATCACCGAAAAGTGTCTATTCAATCGCACAGCAACAAAGCACGAGAGCGAA	Sig_kmer0047	145	False	True	False
2R	3505459	24M1I30M	AGAGGAAAAAATGTGGGTAAGAATAAAAAAGCGCTTCTTAATAGATGCATAACAC	Sig_kmer0048	54	False	True	False
2R	3499206	26M2I30M	AGCACACAGCCTAACGTTCATCGGTGAAAAAAGCTCAACGAAACTAGAGGCAACAATT	Sig_kmer0049	56	False	True	False
2R	3478398	27M71S	GGTAAGGATCAAGCAATTTTAAACAAACAAAATTTTAAAAAAGGACCAGATTTTAGTATCAGATATGCAGAACATGTGTTGCTATTGTTTGATGATAA	Sig_kmer0050	27	False	True	False
2L	3068328	59H20M19H	TTTAAAATTTTGTTTGTTTA	Sig_kmer0050	20	True	False	False
3R	16395609	36H19M43H	AAAAAAGGACCAGATTTTA	Sig_kmer0050	19	True	False	False
2R	3590201	21S19M2D18M	TTTCAGTGTAAGAAAATACAGCAACACAAAACATTGAGAGTTTGATGCATTTTTTCAT	Sig_kmer0055	39	False	True	False
2R	3463683	4M1I51M	TGGCAAAAAATGGGACCCATTTTTGGATAAAGCTTTGTTACGGAAGGTGGTCCCAG	Sig_kmer0056	55	False	True	False
2R	3629671	3M1I34M	AACAAAAAATTACTGAAAGCACCGACCCATCATTTATT	Sig_kmer0058	37	False	True	False
2R	3507459	21M1D25M3S	TACTAAACTATATGTTAATGGTTTTGTTTTTATTTGTGTTTTTTTTTCT	Sig_kmer0060	47	False	True	False
2R	3495009	13M4I30M	ACTGAAATCAAAAACACACACACACACACACACAAACTACACAAATA	Sig_kmer0065	43	False	True	True
2R	3446207	22M10D27M1D31M	AACGCGAAGACGCAAGAGCAGATTTTGGCACTTTTTGCTTGCAATCGGGGTTTTTCTTTCTCTGCTCCCTTGTTTGCCCT	Sig_kmer0068	91	False	True	False
UNKN	22850162	78M	AAAAACGAGCAACAGCTGACACGCACGCTTTTGTCCCAAGTACAAGCGAACGTACTCCGATGAAGTGATTTAGATGTG	Sig_kmer0072	78	False	False	False
2R	3445856	29M8D21M	TTTTAAATAATAAAAACTTTGTCTGAGCCTACCGCAGGCCCGCCATCACG	Sig_kmer0077	58	False	True	False
2R	3615211	56M	GCTAGTCACTGGTGATGAAGTTTCTTTATCTTTTTATGTAAAAATGTAGTATATAC	Sig_kmer0082	56	False	True	False
2R	3636132	4S36M28S	TTTTTCGTCGTCGTAGTGTGCGGTGGGTGCAAGAAGAAAAAGCTGTTAAGAAAAAACACTGCACTATT	Sig_kmer0091	36	False	True	False
2R	3615510	47M	GTAAGAGTTTCTGTACAAAACAATAACGTTTGTAGTACATACTTTTT	Sig_kmer0093	47	False	True	False
2R	3484275	48M1I72M2D3M4I65M	ATTAGTAATAGCATCTTTGCTTTCTTTACTAATGATACTTATCGCTTATTAGCTCTCACAAATAAATGAAATATTCAAGACAGTGAATGTTGATATTCAAGAGATATTTACAGCAAAAAGTTAATGTGTAATGTTCAATACGTGGATGATTGTGATACAAGAGCTAGAATGTTGCTCACAATTGTTCCGAGAA	Sig_kmer0094	190	False	True	True
2R	3485732	69M48S	TCAAGAGCGTTGCGACAACTGTGTGCAAAAGAGGATGATTTCGGAAAAAGTTGCACACACACACACACATACACACGGATAAGGGCTATAAAAGTTGTGCCATTTTCATGCGTATTG	Sig_kmer0095	69	False	True	True
2R	3477778	53M64H	CAATACGCATGAAAATGGCACAACTTTTATAGCCCTTATCCGTGTGTATGTGT	Sig_kmer0095	53	True	True	False
NA	-1	NA	AAAAAGTTGTCTCCGTGCGGGACAAGCCGCACAC	Sig_kmer0096	0	False	False	False
2R	3462742	39M1D57M	ATGCGATGTTCTGGGAAAGTAGTTTTCTGCAACATTTTATTTTTCCTCGTTTATTTATACATTTCCTTGTCAATAGTTTTGCAGATTGCTCTACTA	Sig_kmer0097	97	False	True	False
2R	3624862	73M	TCTGATTTCTTCTCGATGGTTCCATACATTGAAGATTGCTGATAATTCTATTTTTATATGCAAAGGTTTTGCT	Sig_kmer0099	73	False	True	False
X	8759375	43M44S	CCAAAGGCCGCAATCCACCACCTGATATTTTTAATTCACCTTGCTCAGCACTGCCCAGTCGGAAATAGTGACAAAAGAGCGCGAGAT	Sig_kmer0100	43	False	False	False
2R	3450561	52M1I3M2D104M	AGATGAAAAGTTTCGATGAAAATATTTTCAAAACTCGCGAATGAATTGTTTCATTTTTAAGTTAGTAACTTAAGCCTCCAATAGTCGTTATTTCCACAGTCTGCTTTATGCTCAGTGTGCCTTTCTTCACGCTACCAGTGGACGCGAGCCTTCTGGAGGG	Sig_kmer0103	161	False	True	False
2R	3445782	79M	TAAATGGTTATTGCATTGCTCACAGCTTTCCTACTCTCCACATTGAATCATATGGATTATTACATCCATTTTTATTTTA	Sig_kmer0107	79	False	True	False
2R	3495987	24M1D66M	AGACGAGTACGAAACTTCAGACACTTTTTTCAAAAATTCACACACACAGCAGTATGGGCAGTATCACTTGCACCGAACAACTTAAAGACG	Sig_kmer0111	91	False	True	False
2R	3495738	16M2I29M	AAATAAATCTTGCAAAACAAAAAAAAATAAAACCGAAAACATATCAT	Sig_kmer0112	45	False	True	True
2R	3589898	27M1I29M	AAAACAAACCGTTTCCAGTGCAGAGAATCGGAACGTGCTGGTTGCCTGGCCTCCGAA	Sig_kmer0117	56	False	True	False
2R	3457072	71M	ACGATATGTAAAGCGATTTGAATTTTTAGCATTACAACGGGGTTGTTTTTTACGCTTTCATTGTTGGGGGA	Sig_kmer0123	71	False	True	False
2R	30746439	136S44M28S	GACAACAAAACAATACGAAACACTCACGAAACACGAAACAATACTGAAACAATACGGACAACTCCAGATGACTCCGGACGACTCTAGACGACTCTGGGCGACCCCGAGTAACTCCTGAGGACTCCGGACGACTCCAACAAGCACATTGCACCGAACGGCTCCCGTTGACTCCGATCGACTACGGACAACTTCAAACAACTCCGGACGA	Sig_kmer0125	44	False	False	False
X	11564528	54H30M124H	CGGACAACTCCAGATGACTCCGGACGACTC	Sig_kmer0125	30	True	False	False
2R	10409379	107H24M77H	TCGCCCAGAGTCGTCTAGAGTCGT	Sig_kmer0125	24	True	False	False
3R	37043142	32M176H	TCGTCCGGAGTTGTTTGAAGTTGTCCGTAGTC	Sig_kmer0125	32	True	False	False
X	4979151	71H21M116H	TTGGAGTCGTCCGGAGTCCTC	Sig_kmer0125	21	True	False	False
3R	18419673	22M186H	GACAACAAAACAATACGAAACA	Sig_kmer0125	22	True	False	False
2R	3499323	102M	ATGGAAAACACAACCGTGCGCCAAGATCTTCTGCAAAATGCATCAAAACACATCTGTGGTTGCGATTGCTTCTAGCTCTTGCTCTTGGAGTTCATCCTTTAA	Sig_kmer0126	102	False	True	False
2R	3526115	39M	CAAAACACAGACCACATACACAGGGGAACGTCGCAAAAA	Sig_kmer0128	39	False	True	False
2R	3620615	68M12D20M	CAGCGCGAGCATCGTTAAAGGATATTGCACAGGCACCAGGGGAAAACACAGGCGGTCGCTTTGTGTGGAACGCGGTCACGTTTCGCTT	Sig_kmer0129	100	False	True	False
2R	3494415	33M1I30M	TTCTGACAAAACACATTACCTTGTCCCCCCCCCTCCCTCCGGTTTGCTTACCACCACTGCACCA	Sig_kmer0131	63	False	True	True
2R	3455438	49M	AAAACACATTGCAAACTTTGACCAAACACATCATTTAAGAACACAATCT	Sig_kmer0132	49	False	True	False
2R	3478701	34S30M	TCAATACTGGATTGGGTAGGAATTAAGCTCGTAGGAAATCGTGTTTTCTGCAGCTAGCGAAGCA	Sig_kmer0133	30	False	True	False
2R	3478626	30M34H	TCAATACTGGATTGGGTAGGAATTAAGCTC	Sig_kmer0133	30	True	True	False
2R	3526295	38M	AAATTTCAGTAGATTGAATAGAGAGTGGCCGTGTTTTG	Sig_kmer0135	38	False	True	False
2R	3477789	46M1D30M	AAAATGGCACAACTTTTATAGCCCTTATCCGTGTGTATGTGTTCTGTTTTTTTATTATTTTGTCATTTTATTACGC	Sig_kmer0136	77	False	True	False
2R	3580642	65M	TTAAATAAAGTTTTAACTGAAATCTTCACCTTGTTACAGTGATCGGAGTAACGGAAAGCTGTTTT	Sig_kmer0137	65	False	True	False
2R	3493889	77M2D30M	GATAGGACTACATAGCGAAAAGGGAAAACAGGTGGTGGCGGGCGAGGAGAGAACAAGCAAATCGAATAATCGAAGCAAACAACAACAACAAAAAAACTGCAACCGGG	Sig_kmer0138	109	False	True	True
2R	3480645	11S31M6I68M2D140M	TCATACTCATAAGACCTCATAAAATTACATGAAGTTAGTAAGATGTATAATTCCAATAATTCCGAGGACTCCAAACACTAATATAATGTTCGTTTAAGATTGCTTTAATTTGCGTGAACAAGTTGATAGTACCATCAACTTGAAAACATGTAAATGCAATGTGATAGTGTGTGTAGTAAATTTAAATTTCCCTTTCAACACGCTTCCGTACACAATGAAGTGTAATCAATTTCTAACCATTGATTCTGATTGAACG	Sig_kmer0139	241	False	True	False
2R	3448062	78M	TATTTTCCCCGGCAGGAGCTTTCTACGTGGTCGCTCGATGGCAAACGGATTGGAAAATGTTTTGCATCTGCATGCCGC	Sig_kmer0141	78	False	True	False
2R	3629596	61M	AATAATGTATGTGTTTTAAAACCAACATCTTGATAAGCGTTCCATCCATTAATTGATTGGA	Sig_kmer0142	61	False	True	False
2R	3494681	61M	CAAAACCAACGCAAACTAGCAAAAGGTACTAGAGTAACCGGTGCAGTACACACTGTGCTAC	Sig_kmer0143	61	False	True	True
2R	3496286	38M2I39M	AAAACCACGCGCAAGTGCAGACAGACATAATGAAAGCCCGAAATGTAGCCCAGACCGGGAAGGGCTTAATAAAACTTTG	Sig_kmer0144	77	False	True	False
2R	3505397	61M	GGGAACAAAAGACAGAAAACCCTCGTATTGGGAGGGCAAATAGGAATTAAAGCTAGTATAA	Sig_kmer0146	61	False	True	False
2R	3623679	85M	CTCTGCCCTGTTCGCGTCCCACGCAATGCCGGGCCAGAACGCCAGGGTTTTGACAAACGTTGTTTAATCAATTCGGCCGCCCACT	Sig_kmer0148	85	False	True	False
Y_unplaced	78373	34M	AAAACCTGTCAATTTGAGCATGTGTTTCAATGGT	Sig_kmer0150	34	False	False	False
2R	3442056	71M	GTTTAATTTCTCTTTCCTCAACGATGTTAGGCGGGGAACGATGAAGGTTTTAAAGCGTCCACTTACCGTCC	Sig_kmer0151	71	False	True	False
2R	3501721	61M	CGATTTTGAAAGGGATCAGCAAAACGACGACGACGATGAACACTCGCCGGAACCGGCAGCC	Sig_kmer0154	61	False	True	False
2R	3470286	86M	AGGGGCCGTTAAGTCCTCAAGGTCGGAAAACGCGATGAAAGGAATGCATTTAGAATAACTTCAAAAAAAAAGCGACCACAAATTAC	Sig_kmer0158	86	False	True	False
2R	3445213	86M	CGGCGTCAGCACTTCCGCTGCCGAGCAAAACGTAGCACTAACGTTGGGCACTAACTGGCGGGCGACGCTAGCTCCAACGCGAAAGA	Sig_kmer0162	86	False	True	False
2R	3503097	51M	TAAGTGGCTTGCCAATAGTCTATTGCAACGTTTTAATGCTGTTCTCATTCC	Sig_kmer0163	51	False	True	False
2R	3449417	7S59M	TTCCGTGTCAAGAAAACTCGAGCAGGTTGTATTAATATTCATTAACTTTAGCATTAATTAGTAGGA	Sig_kmer0166	59	False	True	False
2R	3573899	54M35S	AATTTCATTGTTTTTGGTTCATTGCAATCGCAACAAAGTACCTGAAATAAATAAGCTTGAACTATAATTTCGGTGTAAATCAGTTTTCC	Sig_kmer0169	54	False	True	False
2R	3449527	48H41M	AAATAAGCTTGAACTATAATTTCGGTGTAAATCAGTTTTCC	Sig_kmer0169	41	True	True	False
2R	3486575	96M	GAGCACAACGCGCTTCACGGTATTATGGCCCTCGTGGGATAAGTGCAATAAGTTTTAGGATAGCTTAAATAAGATTGCTGATCCAGCTATACAGCC	Sig_kmer0171	96	False	True	True
2R	3615079	12M1I30M	CCCATGTATAACAAAATTTGCAAGACCTTAAAAGTTTTGCAGA	Sig_kmer0173	42	False	True	False
2R	3543305	54M	GGTGCTCTTTAAGAGGAGCAAAATGAAGCTTTCTTTTCACCAGCAACGAAAGCG	Sig_kmer0174	54	False	True	False
2R	3438782	61M	TTGTGAAACCTTCCGAAAAGAATTCCACTTCCGCTGGAAGCAGATTCCAGCGCTTTTCCAT	Sig_kmer0175	61	False	True	False
3L	197687	26M1D30M	AACACATTTCTTTGTTATTATGTGCATTTTGTGTGTCTTTTGATTTTATCGAAAAA	Sig_kmer0176	57	False	False	False
2R	3591354	57M	ATGTTTTGAAAAGAGTTATTGAGGTTGTGCTAATGGTCGACCGTTGGCTGGAGAGTC	Sig_kmer0183	57	False	True	False
2R	3493634	20S45M	AGATTACAATAACAAATGTATCTCTCTCTCACGTATCTTTTCCCCAAAACAGCGAACCTACCAGG	Sig_kmer0184	45	False	True	True
2R	3447242	27M4S	CATTTTCTTTGCCTTTTTTGGTTTTGCTTTT	Sig_kmer0187	27	False	True	False
2R	3473493	61M	CTTTTCGTCTGCAACGAAAATGGGAAAAGCAAACGGAAAAATTAAAACACCTAGCTCCCCG	Sig_kmer0188	61	False	True	False
3R	3708820	15S19M52S	TGTGTTTCGCTCTTGCAATGTGGTGTGCTTTTCTGCATCTAATTGGCAGCCGCTCATATGCGAGAGAGTGTTGTAGACTTCATTAG	Sig_kmer0189	19	False	False	False
2R	3466789	54M	ATCCATTCTCCGCCTGCTGCATTCGAGTGTGCTGCCGTATTGCATGCTTTTCAA	Sig_kmer0191	54	False	True	False
2R	3496604	61M	TGCGGTGAAAAGCATGTTCAGCCTCTAGCGAGTTTCTAACCCTCAAAAATGCATTGTGCGT	Sig_kmer0192	61	False	True	False
2R	3442871	61M	AGCAGCAACTGCAAACGAAAAGCGAGCGCGAAGTTGGAAGAGGCCATGAAGGTTTCGACCG	Sig_kmer0195	61	False	True	False
NA	-1	NA	CATTATTTTATTGTTTATTGTTAACACAAAAGCGGCCATCGCGTACCCTTTCGGCGCGGGC	Sig_kmer0197	0	False	False	False
2R	3465822	34M	AAAAGGAAAAAAAGGAAAAATGCGAAAAAACAAA	Sig_kmer0200	34	False	True	False
2R	3470068	30M3D22M	ACTTTCAGCTCAGCAGTGTCTTTGTGTTTTGGTCCTTTTGTCGAGCCAATCT	Sig_kmer0201	55	False	True	False
2R	3500746	61M	GGGCGGAAGGAGCCACGCGAACAGAAAAGGCGCGCGCGCGAGGAAGAGCTACACAGCTCGC	Sig_kmer0204	61	False	True	False
2R	3460112	84M	CTTGCTTAACGCCGGAAAAGGTGACCGTACAGCGTAACGAAAATGTGTACAACGAGGAGCTATTTAATGTGAAGTTAGGACACA	Sig_kmer0207	84	False	True	False
2R	3617394	24S37M	AGTAAAAGTAGCTATAGAACGTGTTCATCATTGGATGTTTCCGGTTTTAGTTTGCCGCCAC	Sig_kmer0208	37	False	True	False
2R	3561880	4H30M27H	AAAGTAGCTATAGAACGTGTTCATCATTGG	Sig_kmer0208	30	True	True	False
2R	3490982	26M1I34M	GAAGCAAGATCGGGGAACAGGCATCATTTTGCCTTTCACAGACAATTGCACTTTTGTACTA	Sig_kmer0210	60	False	True	True
2R	3441491	21S40M	TTCTACGTATTTTCTTGATGGAAAAGTTGCCTATTGCTGCAACTCCCCTGTCTCAATACTT	Sig_kmer0215	40	False	True	False
2R	3620291	32H29M	CAACTTTTCCATCAAGAAAATACGTAGAA	Sig_kmer0215	29	True	True	False
2R	3490842	29M2I26M	TCGTATTTTTATCCCTCTCTCGTCGTGTTTATTTTCTAAACATTACCATACTTCTTC	Sig_kmer0218	55	False	True	True
2R	3466237	61M	GAGGCCAACACTGTGGGAACGGCAAAGAAAATAACATCGCCAGCGCAACCGACCAAATGCA	Sig_kmer0220	61	False	True	False
2R	3639641	52M	TGTTTTGAAATCGATCCAAGCCACTGTCGTTATTTTCAGCAGTAAATACTGT	Sig_kmer0221	52	False	True	False
2R	3577625	42M	GTACAAAATAAGGACGAAATGATTGTCGATTAGTTGCAATTC	Sig_kmer0222	42	False	True	False
2R	3505632	48M	ATAAGTGTGTAGTAAAATATTAGATTAAAAGTATTTTGCTGGCAGATT	Sig_kmer0225	48	False	True	False
2R	3481561	29M2I72M	GGGGCATCCCACGGCCTTCTCCGTCGGGTTATATTTTGCTTCGATCCGAACAATTTGTCCTTGTGTGAGAGACACGGAGCGCAACCGAGAGACGCGTCATGTT	Sig_kmer0227	101	False	True	False
2R	3437974	55M	TTGAATTAAAATATAAGGACACTTTGTGTACTAAGTAGCTGCATTCCTGTACCGG	Sig_kmer0228	55	False	True	False
2R	3455517	50M26S	CGAGCCGGAATGCAATATTAAAATATGGAAATGAACGGGAACCGAACCGAAAATTCATGCAGCCAAATTAATTCAC	Sig_kmer0230	50	False	True	False
2R	3455605	48H28M	GAAAATTCATGCAGCCAAATTAATTCAC	Sig_kmer0230	28	True	True	False
2R	3498255	18M10I30M	ACAAGCAAGAGGTATCTTAAATCAACCAAAATCAACCAAACTCAGAGCCAAACCCATG	Sig_kmer0235	48	False	True	False
2R	3447525	61M	GGCGAGGGCGGCAGGTGCGTTTGGAAGAAGATCATTTAAAAAATTGAAGCAATTCGATTTT	Sig_kmer0239	61	False	True	False
2R	3637406	56M	GTAACAGGCGCAGTGTAAAATCGGCGCCGCATATATGAGATTTTCGTTCGAATTTT	Sig_kmer0240	56	False	True	False
2R	3638661	49M	CTGAAGACCAAGGCAACGATTTTATTGGAAGATTTTTCTATTTATTTCT	Sig_kmer0245	49	False	True	False
2R	3639543	15M2D56M	CCAGGTCCATTGCCACAGAACAGTAAAGTATAGCTACCTAATTTTGATCGACTTAAGTGATCATTTTAATT	Sig_kmer0250	73	False	True	False
2R	3474429	163M	ATTTTGCATTAGGAATACGCGAATAACTATATTATTGAGTGCATATGGTTTGTGTTTGCACAGATAAAGTACGATTGCATTACATTAAAGCATATTTCTTGCTCAAAATGATGCATTGAAATATAGCTTCTTATTATTATTATCATTATTATTATTGATTGGC	Sig_kmer0251	163	False	True	False
2R	3478296	49M5D47M	CCGTCTGTACTTTAGAGGTTTAAAGATCTTATTTAATAAGAATAGGTCGAACACACACTACATTTTCTAAATAAATAATTGAAAGCTTCTCCCGTG	Sig_kmer0257	101	False	True	False
2R	3443908	30M1D59M	TGTTTATTTCCTACCGCTGTGGAGGATTACGGTAGAAAATGTTTCGATCAGTGGACTCGCAAACAAAACTGGGGCACGGAGGAGATGAT	Sig_kmer0259	90	False	True	False
2R	3615459	45M	CAAAATTACTTCAACATTGTTTCTCTGATCTAGTTATACTATGCT	Sig_kmer0262	45	False	True	False
2R	3441434	59M	ATGGCAATCAAAATTGATGTATCATGGGGAAAGTTTCGGCGGAATAATTCGCCTTAAAA	Sig_kmer0265	59	False	True	False
2R	3445104	21M6D37M	AATCTAAAATTGGCCGGTGGCGGAGAGCGAGCTGGGAAGTAGTGAAAGCCCATTTTCC	Sig_kmer0266	64	False	True	False
2R	3472130	42M	AAAATTTCATCCCGCCGCTGCAGCTCCCGTGGGTGCTTCTTC	Sig_kmer0268	42	False	True	False
2R	3507709	32M7D22M	AATGCATTGTTTAAAATTTCCTGTTTTTTTGTTTGTTGTTCTATACTTTCATGC	Sig_kmer0269	61	False	True	False
2R	3457193	17M1I43M	GCAAAATTTGCAGAATACGACAACGACGGATAGAAATAGCAGTTGTGCAAGACTATCTACA	Sig_kmer0271	60	False	True	False
2R	3603093	69M	AAAATTTTACGTTGATTCACCAAACTCTCTACCGTGCTATACCTCTTGGCCCTGTAACTGTAACCTGTG	Sig_kmer0273	69	False	True	False
2R	3534139	57M	AATAAAATAAAATTTTATAATAAATAAATGGCACGTGAGATAAATATCCTGTAAGGA	Sig_kmer0274	57	False	True	False
2R	3442649	53M	AAACAAACAACCCCGAGTGTGGTGTGTGTGCCAAGGGAGCAGGCAGCCGGGCT	Sig_kmer0284	53	False	True	False
2R	3461248	37M36S	TCACCCACCCGCCACACGGGCCGGCTCACACACACACGCAAACAAAGCAAGTAAGGGAGCGTTGACGGGCTCG	Sig_kmer0289	37	False	True	False
2R	3441121	61M	AACTTAGGTAAGTAACGTCACACTTGTATCGTGTAGCAGTTGTCCATTGTTTAAATGTCCT	Sig_kmer0304	61	False	True	False
2R	3614187	10M2D6M2I32M	TACTGTGTTCGCATGCCAGAATATTTGTGCGAGTGTGTTTCATTTCAATT	Sig_kmer0308	50	False	True	False
2R	3448887	38M2D36M	AGCCCCTCCGTAAGCATTAGTGGCGGTTTGCGTTGGGGGTGTGTATGTGTGTGTATGTGTTTGGGCAGCTCGAG	Sig_kmer0311	76	False	True	False
2R	3486108	22M5D70M	CGAAACTTCCGTCGAAACACCACACCTCACACGTTGGTTGGCCCAGGGACGACAGGGAATCGCGGTCACCGAACCAGCATCGCGGGAATCAT	Sig_kmer0315	97	False	True	True
2R	3495060	35M	CGAAACACCTGCAACAACAGCAAGAACAAAAAGGA	Sig_kmer0316	35	False	True	True
2R	3442754	57M	TTGCAACGGGAAGCGAACTTCTCGCGCAGGAACTGGAAGTGTTTAAATTTTTAATCA	Sig_kmer0323	57	False	True	False
2R	3474692	64M10D46M	ACCAGGAGGGATCTGCTTTTCTGCTTTCTGTTTGCATTCCAAACTTACAACGTTCTCTACTCATGGACTAATAGTCAGTACGAATACGAATAAAAACCCAAGATTAGTTA	Sig_kmer0324	120	False	True	False
2R	3454133	61M	ATAAACAGACACACGTACAGGTTCCAAATTCGTCTGCAAGACTGAGCAAAACTCAAGCCCC	Sig_kmer0326	61	False	True	False
2R	3591175	49M	GTGAAGGAACAAACAGACGAAAAGAAGCATTTAAGCTGTCGTCGTCTGC	Sig_kmer0327	49	False	True	False
2R	3505597	17S29M	GAAACAGATAACAGGATCAATACAAATCACCATGTGAATGCGAAAG	Sig_kmer0328	29	False	True	False
2R	3637457	75M4D44M	ATTTTCCACCTTTTCCCGTCGCTTTGTTCGACTACTCGATTATGTATTAGATTATTCTGCACCTTTCCCCCGGGGTGGGCTTTAGTGGAGAAGGGGGTTTCAAACCTTATTTCCTGTTT	Sig_kmer0330	123	False	True	False
2R	3480375	61M	TTAGAATATTAATTAAATCGACTCGTAGAGGCTTCCTGTTTGCGTAAGGGCAGTGTGCACA	Sig_kmer0331	61	False	True	False
2R	3633617	28M1I20M	CAATTGTGAGTGTTAAATAAACAGTACATTTGGACAGTGAAACGTTTGA	Sig_kmer0334	48	False	True	False
2R	3484618	62M	GCCGCTGTCGGCCTCCCACAGCACCCTTCCTCACACTTCTTCCTTCATCCACTGTTTGGGGT	Sig_kmer0335	62	False	True	True
2R	3480519	38M1I70M	GTCGAGGTTGAGCTGAGTGTAAGGTAATGCCTTCAATTGGGGGAAAAATACACTGCGATCCATCCGACTGCAAACAGTTCTTCGTAGACACGGGAAAAACTACTCTACA	Sig_kmer0336	108	False	True	False
2R	3476378	40M	AGCAGCGGCGCCCTCGGCCTCGATGTGACAGGATATGTTT	Sig_kmer0339	40	False	True	False
2R	3614645	54M	AGATTTTCCACACGGAAGCGTAATTGTGCAAGTGATGTTTCGTGACGGAACTGC	Sig_kmer0340	54	False	True	False
2R	3452400	49M	GTTATTCTAGCGTAGCCTACCAGCTCATGTTTCGTTGCTCAAAATTCCC	Sig_kmer0341	49	False	True	False
NA	-1	NA	AAACATGTTTGTTTGGAATTTTCGTGCATGTATGCCTG	Sig_kmer0343	0	False	False	False
NA	-1	NA	AAACATTAGCGCAAGTGCTTACTTATTGATTATTATGAAACCACATTGATGCATTGTTAATTTG	Sig_kmer0345	0	False	False	False
2R	3499042	59M	ATAGCATTTGTTTTTTCAAACATTATCAAACATTAGGAAGCAAAACCCAAGATAAGCTA	Sig_kmer0346	59	False	True	False
2R	3579856	58M	GCAAGGTGAAGGGTTTGATCAAACATTGTCCTAATACGTTGCTTTCTTTCCTACCCAC	Sig_kmer0347	58	False	True	False
2R	3482323	28M1I55M	CACACGGTGAGTGTGTCTAGAGCAAAGCAAACCACAGAGGCAGGAAACCGTCCCCGAATGAGCCTTTCCGGGCGTTAAACACTG	Sig_kmer0354	83	False	True	False
2R	3498024	67M2D21M	AGTAGCGAGTGGCAGCGCGTTGAGCGAATGAGCGCACTGCGCAATGTGGGCCTGTGGGTAAGCCAACAAGAACGGTTCTCGTGGGTTT	Sig_kmer0359	90	False	True	False
2R	3447111	22M2I69M	GTTGTTTTTGCCCATTTTTTTTTCTTCTGGAGGCAATCGGGAAACCCAGCAGAGACCCAATTTCGGAAAGCTTGGCAGAGTGGCAGAGAAGCT	Sig_kmer0360	91	False	True	False
2R	3586484	54M	GTGTAGACATCGGCAATGATATCATCGGTTTCAGAGGATGTTGCTCTATTTGTA	Sig_kmer0365	54	False	True	False
2R	3525918	58M3S	GCCTCCAAACCGGAGTGTTTCATCGGAGCCGCATCCGAGTGACCTTGAATGAGGATTTGGT	Sig_kmer0367	58	False	True	False
2R	3554286	21S70M	TGCTTGCGGTGTGTGTGTGTGTATTCCACGGAATCCACGGAAGGCTTCAGTCGAGTTGAGAGGTTTATGCCGCAGCCTATGCTTCCCGTGG	Sig_kmer0370	70	False	True	False
2R	3490939	8M6D23M60H	TGCTTGCGGTGTGTGTGTGTGTATTCCACGG	Sig_kmer0370	37	True	True	True
2R	3457394	50M79S	CGATAGAATGCGAAACCTTTGCCATCATTCTCCACACAATAACACATACATACATACACACCTCTCCACATCTGGCGACCAAACCAAAGGAACCGATTCTGATATTGGAAACGTCCTTGGAAGGTTGTC	Sig_kmer0376	50	False	True	False
2R	3457505	74H29M26H	GCGACCAAACCAAAGGAACCGATTCTGAT	Sig_kmer0376	29	True	True	False
2L	15089185	40H21M68H	AACACATACATACATACACAC	Sig_kmer0376	21	True	False	False
2R	3480300	60M	ATTTAAGCTTTCACGTGCACAGAGTGAGCAAACGAACGAGCACTGGACAAAAATGCAGCC	Sig_kmer0380	60	False	True	False
2R	3478564	61M	ACCACCAGTGCCAAACGACCAAAGCATCAGTACAAGGGCAGGTAGTTTTGTAGCAACATGG	Sig_kmer0381	61	False	True	False
2R	3482278	33M	TCTACACCTGTACCGTCGGAGCGGGTCGTTTAC	Sig_kmer0382	33	False	True	False
2R	3606918	49M	TACTGCTGCATTAGTGCAAATTTCCGCTTCAGTCCCTCGTTTAGCCTGT	Sig_kmer0386	49	False	True	False
2R	3505115	27M1I27M	AAGGTGAAACGAGTGGAGAAAGTTCCTAAACAAACTATTGTATGCTCTCGTAAGA	Sig_kmer0388	54	False	True	False
2R	15268865	18S20M32S	GATAGTGTGCGTACTACTGCACACACAAACGCACACAGTGGGTGACCCAAACCCGACAGGGTCCTTTACG	Sig_kmer0389	20	False	False	False
2R	3483400	48M	GGAAGCGAAACGCTACGTCCCGTACCCGCGCGCGATCGTAGATCGTAA	Sig_kmer0391	48	False	True	False
2R	3604624	55M	CGAAAGGGATTTGCGTGGCCACAGGCGATCCCACGGTGCGTAGCATAAGCGTTTA	Sig_kmer0392	55	False	True	False
2R	3454407	34M1I24M	TTTGTTTCGATTTTATCTTTTTTAAGTCCGTTTGCCCCCTTGCCTGCCGTTCGCTTTGC	Sig_kmer0394	58	False	True	False
2R	3444094	60M	GGGGAATCGCGGGGTGTAATCGAAACGGATTAGATTGTTGCCGGCATACTGGCCCAGGAT	Sig_kmer0396	60	False	True	False
2R	3478484	88M	TTAAAGCCTATCGAATAAACGGCGTAACATTCTACATCCCACTGAACGACATGACAACCATGAAGCGTGATTTATGCATCACCACCAG	Sig_kmer0398	88	False	True	False
2R	3585456	46M	ACAAACGGGCCGCACGAAGTTGCTGTACTTGATGTCCTCCTTCAGC	Sig_kmer0399	46	False	True	False
2L	20507700	64S19M33S	GAATGTTGTTATACAAATAGAGATACACATGTTGGAAATAGAGATACAAATGTTACCGTTTCTGGCTCAGCATTATCTGGAGTTCCTCGGAATCGTATGGAGTTATCCAGTATCTC	Sig_kmer0401	19	False	False	False
2R	3617355	79M	TTGCTGCTGATACTGGTGCCTATATAGCATTGAATTTTATCATCATTGGATGTTTCCGGTTTTAGTTTGCCGCCACCGG	Sig_kmer0409	79	False	True	False
2R	3472026	40M	AAACTCCACCAAATTAATTAGGAAACACCGGCAAAACTTC	Sig_kmer0413	40	False	True	False
2R	3622337	55M	GAATTTATGAAACTCTGGGTGCAGTTTCCCCATCACAGTGGAACCTTACTGGGTA	Sig_kmer0419	55	False	True	False
2R	3624673	32M	TGTGTTGCCGTGGCCGATTATGTGACAGTTTG	Sig_kmer0423	32	False	True	False
2R	3632122	62M55S	CCACACAAGCACACAGACAGAAGCATAAGTTTAAGGAAAAGGAAAGTGATGTTGTACATATTGTGCATCAGGAAAGGGTGTCTGTCTGCGTGTGTGTGTGTGTCAATGTGCGTGTCG	Sig_kmer0424	62	False	True	False
2R	3497159	14M2I50M51H	CGACACGCACATTGACACACACACACACGCAGACAGACACCCTTTCCTGATGCACAATATGTACAA	Sig_kmer0424	64	True	True	False
2R	3463220	56M	TAACAAACTTTCCCGCCGGCCAGCCTCGCTCTCCCTCCACAGCGGTTCTCTTATTT	Sig_kmer0429	56	False	True	False
2R	3539225	62M	AAGTTTGTAGCGCGTTCTGTTGGTTCGGACCAGCGAAAGTTTGCCTTTGCCGAGTTTGCTTA	Sig_kmer0430	62	False	True	False
UNKN	10867017	50M	TAAATTATATGAACAAATTTAATAAATGTAGACAAAGTTTGAATCCTGGG	Sig_kmer0432	50	False	False	False
2R	3619852	45M	ACCACAAAGAATCCCGGAAGACCCAAACACAGCTAAAATTAAACC	Sig_kmer0441	45	False	True	False
2R	3486822	89M	TTATAATTATAATCGCTTTCTCACAAGCCCAATGCTATCCCACCTTACGGAGGTAACTATATTATTCTCTTTTAAACAGCTCTCTTTCA	Sig_kmer0446	89	False	True	True
2R	3497451	63M	GCAGTCCCCAACAAGCTAGACTAAGTTATCTCTCATTCTGTTGTTCTGCTTTGGTGCTCACAT	Sig_kmer0462	63	False	True	False
2R	3452255	30M16D30M	TCAAAGCAGATTTGAAGAAATTTACTTCGTAACTTCAAGCCATCACAACATCATATCTAT	Sig_kmer0464	76	False	True	False
3R	29041907	20M14S	CGTGAAAAAAAAGAGGAAAATCCCTCGCTGCTTT	Sig_kmer0465	20	False	False	False
2R	3618425	56M	TGCTGTTTCTGTTGCGTTCCAGATGCTGGGAAGCGACAACGTCCGGATGCTTTGGT	Sig_kmer0467	56	False	True	False
NA	-1	NA	AAAGCATCGCGTTCGGTTCGAAAAAAAAAAAGCTCAAGACGTGTCCTC	Sig_kmer0468	0	False	False	False
2R	3472487	47M3S	TGGCTCGGTTTTCTTTGCCACAGCATTTGGGCTTTCTTCCTTACCCGGCT	Sig_kmer0472	47	False	True	False
2R	3479495	47M	AGAATGAAAGCGGACGAGCGTTTCTTCCCGAGCCCGACTGCGTGGGA	Sig_kmer0482	47	False	True	False
2R	3490660	88M	ACGTCTCATCTAAGCACTTACAAGGAAGCACACATTTGCAAATAGCACCTACCGGAATAGCTTTGAATGTGCCAGCACAGCATTGAAC	Sig_kmer0485	88	False	True	True
2R	3483056	72M2I55M	AAAGCTTCTGTCAAACTATATTCAGCTCTTCCCTTCATTCTGCCATCAGTAGCAGTAAGCAACACATCCATAGTGAGAGAGAGAGAGTGAGTTCGCGCTTCAAAACTGCACAAATTCGGGGTGATTAGT	Sig_kmer0487	127	False	True	False
2R	3437013	40M21S	CTGGACGAGATTAACCCGAGCTCTTTTGGTAAAGCTTGGCAGAGTGGCAGAGAAGCTGCTG	Sig_kmer0488	40	False	True	False
2R	3447175	30H31M	AAAGCTTGGCAGAGTGGCAGAGAAGCTGCTG	Sig_kmer0488	31	True	True	False
2R	3499395	23S28M	CGGAACAATTGTGAGCAACATTCTAGCTCTTGCTCTTGGAGTTCATCCTTT	Sig_kmer0497	28	False	True	False
2R	3630422	92M	TGAGAGGAAAGGATGGAAGTTTGAGGATAGTTCAAGCCACAAGCGTTCACGTTCACATATATTCTGATTAACTTAGCAGCACCACCAGAAGT	Sig_kmer0498	92	False	True	False
2R	3497173	21S59M	CAAAGGGAAGTAGTCCCACACACACACACACACGCAGACAGACACCCTTTCCTGATGCACAATATGTACAAGTACTCCAC	Sig_kmer0506	59	False	True	False
2R	3448735	27M53H	CAAAGGGAAGTAGTCCCACACACACAC	Sig_kmer0506	27	True	True	False
2R	3485252	64M	AACATGATTTTGCAATGGTGAGTGCTACTTTGTTAGAAGCTCAAATTTAAGACAATCCAAAGCT	Sig_kmer0515	64	False	True	True
2R	3440624	30M3D29M	AGTTGCCACGCGTAAAGTCCGTGCGCTGGCTGATGACGAGAAGGTAGAGCCGCCGTAAG	Sig_kmer0520	62	False	True	False
2R	3461559	96M	CAAAGTGAAAGTTTTCTAGTTGAATGATTATATTAATCGCCACTCACGATTCTTCTTCACTTAACGGAACGATGACCGTTATTATTGCGAAATCCT	Sig_kmer0522	96	False	True	False
2R	3455767	45M	CTGGGTCAAAGTGGGTCCTGTTTGGATTCGGCACCGCGCTGCACA	Sig_kmer0525	45	False	True	False
UNKN	9562206	42M	AGAATAAATTCGCGGAATAACACAAAATAATACACTTTAATC	Sig_kmer0526	42	False	False	False
2R	3455137	15M6I39M	GTTGTAACTGACATGGGGGGAGGGGGGGGGACTCAACACCGACACTTTCGTGCTGGCGGA	Sig_kmer0527	54	False	True	False
2R	3587787	26M14S	ATTCTTCTAACGTAAAAACTTGATGTATAAGTAACACTTT	Sig_kmer0529	26	False	True	False
2R	3472061	37M	ACTTCCCCCCAATACGATACAATCACAAACTTTTAGT	Sig_kmer0535	37	False	True	False
2R	3614917	30M3D2M1I12M	TAATGGAAGGCTTTTTTGTGTTGCTGTATTTTCTTACACTGAAAC	Sig_kmer0556	47	False	True	False
2R	3461520	34M	GAAATAGAATTAAATAAAAATACAAACCAACCGT	Sig_kmer0559	34	False	True	False
2R	3441809	55M	AGCAAGGAAGTGCCAGAAATAGCCGAAGCGATGCTAAATAAATCATTCCACATGC	Sig_kmer0567	55	False	True	False
NA	-1	NA	TGAAATATACAGATAAAAAGTAGATTCTTAAGAAAAC	Sig_kmer0571	0	False	False	False
NA	-1	NA	AAATATTCACAACAGTTGTATGCTGTCTGGAGCGACAA	Sig_kmer0578	0	False	False	False
2R	3497419	27S30M	GTAAGTATCGTGAGTGCTTCACGTAAATATTCGTAGTCCCAAGCAGTGAACAGTGGC	Sig_kmer0579	30	False	True	False
2R	3444275	60M	ACTCAGATGAAGTCGTACTGCTGGCATTGTCGGTGTGCAGCAGTGTGATTTATCTTGCAT	Sig_kmer0583	60	False	True	False
2R	3496533	59M	ACACGAGGACACTTTTCCGTAGCAGCAATAGAGCTGATTTGGCGAATGGATGCCGTAGG	Sig_kmer0587	59	False	True	False
2R	3469113	45M	AAATCAGTATTCGTGCCGGGGCGGTCCGGGAGCAATTGGTCTAAA	Sig_kmer0588	45	False	True	False
UNKN	36003239	30M1I22M2D17M	AAGTAAATTGTCCATGCGGCTCGTAGATAAGGGAGGAATCAATGTGAAAATTGAAAAAATAATGATTTCT	Sig_kmer0590	71	False	False	False
2R	3444152	61M	ATGAAGGGACACACTACGGATGGAAGCTAGCGATTTGCACAGGAATATCGGTGTGTTGCGG	Sig_kmer0599	61	False	True	False
NA	-1	NA	CAAATCTCAGGGACAGGTTTCATCTGAAAAAAAAATCTAGGCTAATC	Sig_kmer0601	0	False	False	False
NA	-1	NA	TTCAACGATGAAATGAAACGTCAAAATATTAGGTTCCATTCT	Sig_kmer0607	0	False	False	False
2R	3558731	117M1D14M	GAACCGTACCATACATTAATGGATCAGCAAGCAGAAGCATAATTGTGTTGACACAGTATATGACAGACTGTAGACCAATAACTCACTATGCGTCATTTCGTAACTAACATATTGCAGTTTTTCCACAAACA	Sig_kmer0613	132	False	True	False
2R	3456135	61M	CCCGAGACCGTTTGTTGGGTTCGTGCCAAATGATAATAATCGTGACCGGGGTAATAATAAT	Sig_kmer0615	61	False	True	False
2R	3490343	64M	AATGTTGAATGTCTAAGACGCTCAAATGCGACCGATAGAGTATAATTACTAAGGCGGGCAGTAG	Sig_kmer0622	64	False	True	True
2R	3638329	27M2D23M12S	AGTTGAAATTTTGGTCAGAATTCTCAGTTTGATGTCCATTTTTTCTGTCGCAATACGGGGAT	Sig_kmer0625	52	False	True	False
2R	3504767	59M	AAGTGATAAATGGAGGATCAGCAGAGCAACAGTCCCAAATGATGATATACTTGCACAAA	Sig_kmer0626	59	False	True	False
2R	3440750	43M	CGGTGTGTATTGGTACGGCCAGAAATTGGCAACCATTTGTTGT	Sig_kmer0633	43	False	True	False
2R	3533791	49M	AAATTAACGATCGCGCACCCTTCATTTTACTGTCAAAACAAAGGAAATG	Sig_kmer0644	49	False	True	False
2R	3455845	27M5I44M	TAACATTTTACACTATCCTTTGGCCCTGCCTCGACCCGAACACGATGGCCAGCGAATCGTTAATAAACTAATTTAA	Sig_kmer0647	71	False	True	False
2R	3488648	48M	AGGGAATTAGAAATTCCGTGATGCTGTGTGCCGTGCGCTCTAATCCTG	Sig_kmer0652	48	False	True	True
2R	3462459	30M9S	CAAATTGTGTACCCAATTAGCACGGCACGTTAGCACGGC	Sig_kmer0660	30	False	True	False
NA	-1	NA	AAATTTCCCAAACGCCCAAAACCCTTTCGGCA	Sig_kmer0667	0	False	False	False
2R	3489005	61M	GCTTTAAGTTTTCTTAAATTTTATGTGTAACCTCTAACGCCTTCTTCTGCCATCCTGGGTA	Sig_kmer0674	61	False	True	True
2R	3631694	32M	GACCCTTCCTACGCATGTGAAATGGCTTTGTT	Sig_kmer0705	32	False	True	False
2R	3477569	15M1I3M2I26M42S	TAACTTGATACACACAACAACAAAAAAACAACCCCAACATACATACACACCTCTCCACATCTGGCGACCAAACCAAAGGAACCGATTCT	Sig_kmer0709	44	False	True	False
2R	3457505	63H26M	GCGACCAAACCAAAGGAACCGATTCT	Sig_kmer0709	26	True	True	False
NA	-1	NA	CAACAACAGCTTTACAGGTGTGCTGATGTGAGC	Sig_kmer0717	0	False	False	False
2R	3573256	44M	ATGAACAACGTCAAGATGTTCCAGGCCCACAAGGACCCGATACG	Sig_kmer0719	44	False	True	False
2R	3623288	33M	AATGAACTGTGTACACAGCCTACTAATTGTTGA	Sig_kmer0735	33	False	True	False
2R	3482508	36M	AACAATTGTCTAGCTAAAGAGGAAGCAACATCAAAC	Sig_kmer0736	36	False	True	False
2R	3437922	58M	TCGAAACAATTTCATTATTAGTTTACATTGAGCCCAGTAGCTTTGGTGGACGTTGAAT	Sig_kmer0738	58	False	True	False
2R	3535068	30M7S	CATACATAGTTTATCATTATCCGGGCTGTGTTGTGTT	Sig_kmer0742	30	False	True	False
2L	23421363	6S30M12S	CAAGTGCACCCAACACACACACACACACACACACACCTCGTGTGCACG	Sig_kmer0747	30	False	False	False
2R	3629712	51M	TTTTAGGGCTTCCTATATGAACCAATCGCCGGTGTTGCTCACTGCTGCTAC	Sig_kmer0761	51	False	True	False
2R	3487866	57M	GATTATGCAGCGGCACGAAGCTTCGGCTTCGTTGTGAGTGTTGAGCGCTTCCGAAAA	Sig_kmer0771	57	False	True	True
2R	3501919	61M	GCCCGACGGAGAGGTGCTGGATGAGGGTGGTCTCAAACGGATGCTCCTGCTGTTCGAAAAG	Sig_kmer0783	61	False	True	False
2R	3491058	64M	AGCATAATTTCCAACAGCCTCATTCACTCACGCCAGGCTCATACCGACTTTTAACCGAAACATG	Sig_kmer0785	64	False	True	True
2R	3583776	31M	AACAGGATGATGAGAACACGCCATGGGGCGG	Sig_kmer0792	31	False	True	False
2R	3492343	61M	CATTCACCGGTTCGGTGGTGATCCGTCGCGCGTGACACTGTTCGGCGAGAGTGCCGGTGCC	Sig_kmer0798	61	False	True	True
2R	3544460	47M	CTATTCGTATGTGAGAGTGTAAAGGAAAATTATGTTAAGCGTCGATG	Sig_kmer0801	47	False	True	False
2R	3452148	75M	ACCTTCGTGTTGGTTCACCTTCAATCGACGGCTTACAGTGTGATATATGTTGTATTCGACGATAAAAGTGCGATG	Sig_kmer0802	75	False	True	False
2R	3458554	61M	CCTCCGTCCGTGGGTGGCTCGAATCGATGGGAAAACAAAGGGGATCCGCTTGATGTTACGC	Sig_kmer0804	61	False	True	False
2R	3460953	35M	AACATCGACATATTTGGCCCTTTCCTACCCGTTGC	Sig_kmer0808	35	False	True	False
2R	3546294	62M	CTGATTCAACATCGCCGCGCACAGGGGGGCGTGTAGAGGAGTGCGGTGGAGAACATTCGGAC	Sig_kmer0809	62	False	True	False
2R	7688061	13S30M6S	AGTGTGTTTGCCCGTGTGTATGTGTGTGTGTGTTTTTTTTCCTCATGTT	Sig_kmer0813	30	False	False	False
2R	3470873	61M	TCTTCCCCACATCCAACCACATCCAACTCCACATTCCCAGGTTGCGGCGCAGACGATGGTT	Sig_kmer0837	61	False	True	False
2R	3621397	22M1I22M	GTTTCATTTCAACCCAGTCTAGAAAAAAATGCAACCGACTACTGG	Sig_kmer0845	44	False	True	False
2R	3581588	40M	TCCGTTTCAGTGTCCACTGCTACTTCGATAGGAATGGGTT	Sig_kmer0847	40	False	True	False
2R	3437011	54M	AGCTGGACGAGATTAACCCGAGCTCTTTTGGTAAAGCTTGGCTCTCGTGTCGCA	Sig_kmer0850	54	False	True	False
2R	3456779	47M1D14M	TGAATGGCAGCAAAGAGCGGCCATTTTTACACGGCCTGTCGGTTGTGCCTGCCGAGCGGTG	Sig_kmer0856	62	False	True	False
2R	3459449	47M1I8M	GTTGCGTTGACTTCATATACAAGTGGTCCTTAAAGTAAGGGTCGGTTGTTTTTTCA	Sig_kmer0857	55	False	True	False
2R	3484723	28M1I64M3D3M2I47M	ATTACCGGGCTCGACCATGAACCGAGTTGGGCAGGAAGTGTATCGCTGTGAGAAGGTGGGGAGGCTGATGCTCTTCCTTACGCCCTCTCCCAGCAAGCCGACCGAGCCCACCACTCTCCCCCCTCCCTGCAGCACTAATCGGGCC	Sig_kmer0858	145	False	True	True
2R	3477395	60M	CGCAGCCGACCGAACCGATCCGACCAGACAAGCCGAGGAATGCCGCCCACAGATGAAGAT	Sig_kmer0859	60	False	True	False
2R	3637675	31M	CCCCACGAATTCAAACACGAACTCATCGGTT	Sig_kmer0860	31	False	True	False
2R	3483570	58M	TACCGGAGCGTACGAATTGAAGAGCATAACCGCACACCACGACAGTCTATTGGTAAAT	Sig_kmer0861	58	False	True	False
2R	3489199	61M	TCCGCCCGTGCCGATGGAGATCCGAGGGCTACTGATGGGTAGACTGCGGTTAGGACGGCGG	Sig_kmer0862	61	False	True	True
2R	3634088	17S21M	GATTATAACCGCATTGAAAGGAGAATTTGAATTCAAAT	Sig_kmer0863	21	False	True	False
2R	3484492	63M1I7M	ACAACCTTCCAAGGACGTTTCCAATATCAGAATCGATGGATGGATGAACCTGCATCGAGACTTCGGGCAAA	Sig_kmer0878	70	False	True	True
2R	3511388	31M	AACGAACAACAAATTGTGTTGAAAAAATGCA	Sig_kmer0887	31	False	True	False
2R	3481281	58S30M	GGATCTCTCCCATTCGATAAGTACTTCCCCGCTTGTCGGGCGTTCGTTGCCTTCTAGCACGTTCAAACAGCGACGCATAGGCGCAATA	Sig_kmer0889	30	False	True	False
2R	3481232	32M56H	GGATCTCTCCCATTCGATAAGTACTTCCCCGC	Sig_kmer0889	32	True	True	False
2R	3622255	51M	CCATGCTGAACGAACGTCACCCTCATCTCATCTCCATAATAATCCCAAATT	Sig_kmer0890	51	False	True	False
UNKN	26957119	25M36S	TGTTTCGAAGGCCGACTTCGGACGACTCTAAACGACTCCGACTCCGTACGACTACGGGCGA	Sig_kmer0898	25	False	False	False
X	9562766	20H23M18H	TCGGAGTCGTTTAGAGTCGTCCG	Sig_kmer0898	23	True	False	False
2L	40058462	31H22M8H	ACGACTCCGACTCCGTACGACT	Sig_kmer0898	22	True	False	False
3L	19976258	39S22M	TCCGGAATCATCTTGAGCCGGAATTCGAACGCAGTCGGATCGGAATCGTTCGGAGTCGTGC	Sig_kmer0905	22	False	False	False
2R	3441898	50M2D59M	TCGATCGAAGGGAAACACATTTTTCCGCCTGCCTGTGTGTGTGTGTGTGTGCCATCAACGCAATTAGGCTGCACGACCGAAAGGATTGGCCTGCTGCTGCTGCTCGGAT	Sig_kmer0909	111	False	True	False
2R	3637884	73M	GAGGATCGTGTCAAGTGTACATGCATCTTATAATATGCGTCCCTTAGGGGGGATACGGCGTTCTGTTCCTCCC	Sig_kmer0914	73	False	True	False
2R	3498703	17M2I50M	CACTGTATCTTCTTCATCCCCCCCCCAGGCTTGCCAAGGACACACCGAGAATTGGTCGTCCGTTAGTAA	Sig_kmer0922	67	False	True	False
2R	3488739	52M2I2M3D30M	TTTAATCCCGCGCTGTAATTACTATCATCAGCAATCCGTACCTCGGACGATTTGGCAGCGGGCGTGTTGTGCCGTTGTGCCGAGCC	Sig_kmer0926	87	False	True	True
NA	-1	NA	GAAACAACGGCCTGTATACGAATGGCATGCGCAAAGT	Sig_kmer0928	0	False	False	False
2R	3457330	61M	CTCATTGCTGCTCACTTTCATTCGCCTTCAATTACGTTGGGAAGGAAATAACCCAAATGAC	Sig_kmer0940	61	False	True	False
2R	3491997	107M	CTGTCTGTACATTAACGTGGTGGCACCGCGGCCCCGGCCCAAGAATGCGGCCGTCATGCTGTGGATCTTCGGCGGCAGCTTCTACTCCGGCACCGCCACCCTGGACG	Sig_kmer0950	107	False	True	True
3R	28206514	5S20M6S	TATGAAGAGAAACAAAACAAAACACCACGTT	Sig_kmer0951	20	False	False	False
NA	-1	NA	AACGTTTGAAAAGGAAAAAGAACCGCCATGTAAGGTG	Sig_kmer0959	0	False	False	False
2R	3549138	39M	ACATAGAACTACACGAAGCATTAGGAGAAGATAACCACG	Sig_kmer0962	39	False	True	False
3L	12863222	9S39M	CGGGGTCGCCCAGAGTCGTCTAGAGTCGTCTGGAGTTGTCCGGAGTCG	Sig_kmer0977	39	False	False	False
2R	3436926	29S46M	TTCCCCATTCTATTTTATCCGACGAAGCGGAATCCACGGAGCGGGTGCGATTTAGGGCAGGACCGATGCTCAGTT	Sig_kmer0990	46	False	True	False
2R	3639807	28M47H	TTCCCCATTCTATTTTATCCGACGAAGC	Sig_kmer0990	28	True	True	False
2R	3483347	61M	TCAACTGAGCCCCATATAGGTGCCATAAAGGGTGAACAGCGAGGGAGAGAGAGGGAAGCGA	Sig_kmer0991	61	False	True	False
2R	3626575	62M	GAAGCCCAGCGATAGCCTCTGAGTAACTTACTGCGATGATGATGATGGTGCCTTAGTCGTCG	Sig_kmer1003	62	False	True	False
2R	3489136	57M	TCCACAACTTCTGATATCTTTTACCCATTTCTTCACATTTTTCCGGTTTTCTCTGTA	Sig_kmer1013	57	False	True	True
2R	3462551	61M	GCCGGACAGCTACGTCAGAGCGCTCTCTAGCCGGGTCGATAAAGTTGCGAAATTCCGAGAA	Sig_kmer1016	61	False	True	False
2R	3590799	31M	GCACCAGCAGCAGCAGTAGTAGTTCAAAGTT	Sig_kmer1019	31	False	True	False
2R	3633755	51M	GTGAGATGTGAGGGGAGAGAAGAAAAAAAACTTGTGATCATTAGCTGGGAG	Sig_kmer1027	51	False	True	False
2R	3471522	47M	GGAGCACAGCAGCACGGGAAAATAGGTAAAGGACGAGCCTTTTCTTC	Sig_kmer1031	47	False	True	False
NA	-1	NA	AAGAAAGTTAAAATTGCTCCGCAAGAGAATTA	Sig_kmer1037	0	False	False	False
2R	3496869	59M	AGTAGCGGCGAATCAGCAGACGCCACCAAAGACAACAATTATTATAGGAAAGTAAAACG	Sig_kmer1056	59	False	True	False
2R	3453825	51M	TCTCTCTCTCTCACTCACTCTTTTTCTCTCTTGCTTTCTCGCACTCGCTCA	Sig_kmer1065	51	False	True	False
2R	3523726	5S30M	TTGAAGATGACAACGACAGAGACACGGGGCTTGAT	Sig_kmer1087	30	False	True	False
2R	3635547	39M	GAGCAAGATTGAGTGAGGAAGAAGGAAGACGAAGCGGTG	Sig_kmer1093	39	False	True	False
2R	3636445	54M	GTGAAGCAATTTCCCCATTGGTGCATGAATAACCGTGCATGGACGATTCATTGA	Sig_kmer1110	54	False	True	False
2R	3636109	20M3D56M	TCCGGTCGAAGCACTTTTTTTCGTCGTCGTAGTGTGCGGTGGGTGCAAGAAGAAAACGCGCTAATAGCAGAAGCGC	Sig_kmer1116	79	False	True	False
2R	3447804	5S30M	TTTTGCACCTTCCACACCTGTGTTGACATGCTTAT	Sig_kmer1130	30	False	True	False
NA	-1	NA	AAGCCTTTGCAAGGAACAATACTTTATGCCGATA	Sig_kmer1149	0	False	False	False
2R	3636656	21S69M	GGGGAACACATCGGATGTCTGTGTGTGTGTGTATGTGAAGCGTTGTGTGTGTTTCTAGGCAAGGGAAAGGTGCGTGCAGAAAGAACGCTA	Sig_kmer1167	69	False	True	False
2R	2142572	10H20M60H	TCGGATGTCTGTGTGTGTGT	Sig_kmer1167	20	True	False	False
2R	3491143	62M	CAATGTGGAGAGTGCTCGCGCTGATACTAAGCTAATATGAAGAGATTACTGGCGAGGTCATC	Sig_kmer1168	62	False	True	True
2R	3614546	44M	CGTGAAGCTCGCAGCTCACCCTAGTTACGAATCAGTCTGAAATG	Sig_kmer1175	44	False	True	False
2R	3460831	28M12S	AAGCTGCTTCCACAGCAACAACAACAACTACAAAAGCAAC	Sig_kmer1178	28	False	True	False
2R	3633050	19H19M2H	AACAACAACTACAAAAGCA	Sig_kmer1178	19	True	True	False
2R	3461659	48M	TAAGGAATGTTCATGTAAGTTTCTCGACTTCCGCCACACCGAACAAAC	Sig_kmer1194	48	False	True	False
2R	3440528	43M	CGCAGCGGACCGTGGAACGAAGCCCGAACCATTTGTCCTTGTA	Sig_kmer1195	43	False	True	False
2R	3496160	30M29S	TCACAATTGCTCTGGAAAATGATACTATGCCTTGGCCAACAGCGCACTCTTAACGCCAG	Sig_kmer1216	30	False	True	False
2R	3496221	30H29M	CTTGGCCAACAGCGCACTCTTAACGCCAG	Sig_kmer1216	29	True	True	False
2R	3459610	62M	AATAATAAGTGATTCCAATTTGGTGGCACTGTCCCTTGGCGCCACCGTATTGAACCGTAACT	Sig_kmer1228	62	False	True	False
2R	3443650	55M	GACAGTGCGGAAGATCAATGCATGAAGGGCAGCCATTTTTTGCCGCTGGCCACAG	Sig_kmer1233	55	False	True	False
2R	3516171	44M	AGTAAGTAATAATTGTTGTTGTTGTTCGCATTAGCACGAGCAGC	Sig_kmer1255	44	False	True	False
X	8300102	6S27M6S	GTTGTTTGTGTGTGTGTGTGTGTGTGGGACTACTTCCCT	Sig_kmer1258	27	False	False	False
2R	3510443	18M1D20M	TTGGTGCCTTTGTAAAATAAAAAAAAAAACGATACTTG	Sig_kmer1265	39	False	True	False
2R	3452824	33M	ACAAGTGAGCGGAAAAATGAGGCATGCGAAAGA	Sig_kmer1277	33	False	True	False
2R	3636818	22M5D38M	GTCCTTAAGTGGCGTGTGGGGCGGAGTGGAATGGGCTGCAGAGAAAGAAGCGAGTGTCTG	Sig_kmer1291	65	False	True	False
NA	-1	NA	ATAATAAAAGCTCCTGTGAGATGACCGCAAAACG	Sig_kmer1328	0	False	False	False
2R	3456597	31M	AATAAATCCTACAAATGGCTTTTCCACACCC	Sig_kmer1336	31	False	True	False
2R	3498591	33M	TAATAACCGTAAGGAGTAGTAATACCGGGCATA	Sig_kmer1345	33	False	True	False
2R	3486748	41M	TGAGGCGTATTACTTCGAATAACGTGCAAAGATAGTATTAC	Sig_kmer1387	41	False	True	True
2R	3532307	20S45M	ACCCGCCACACGGGCCGGCTCACACACACACCCGAGGCGTGCAGCAAGCAGTATTGGATAGATGT	Sig_kmer1389	45	False	True	False
2R	3461254	31M34H	ACCCGCCACACGGGCCGGCTCACACACACAC	Sig_kmer1389	31	True	True	False
2R	3475727	58M	TGGAGCGATACCTATATCGCCCGTGCACAACTGCAACCCGAACTCGAACGCTATTAGC	Sig_kmer1407	58	False	True	False
2R	3519271	33M	AATATTAGTTTATTTAATTCGTATTTTCAATAA	Sig_kmer1435	33	False	True	False
NA	-1	NA	GAATATTTAATTCCTGTATTTGTTCTACATAAACCATTCCTATGATACTGGCAAA	Sig_kmer1439	0	False	False	False
2R	3466028	42M	GTCCAGCAACCATTCGCCTCTAAACTGGTGATTTATATGCAA	Sig_kmer1453	42	False	True	False
2R	3628354	42M	CGTGCTCACCAATCCCGCACTCAAAGGAACTGAACCGTCCGC	Sig_kmer1471	42	False	True	False
2R	3573900	60M	ATTTCATTGTTTTTGGTTCATTGCAATCGCAACAAAGTACCTGAAATAAATAAATACGCT	Sig_kmer1490	60	False	True	False
2R	3620235	86M	GACTTCTGAATCGCGACTGTCGGCTGGTCGCCTAGGTCTGGGTGGGATGAGAGCGGCAACTTTTCCATCAAGAAAATACGTAGAAT	Sig_kmer1493	86	False	True	False
2R	3576105	57M	TCTAGCGGGCAGCGCCTTGGAGCAAGCGATTAGCGACGGAACGGAAGCGCTGAACCG	Sig_kmer1497	57	False	True	False
2R	3626168	34M	AATGGTAGTTTACTTTGTACTCGAAGAAACTCGA	Sig_kmer1584	34	False	True	False
2R	3619535	33M	GAAATGGTGCCGTTGGTTGCTGCTGGAGGTCCC	Sig_kmer1585	33	False	True	False
2R	3617649	55M	GATCTCATCTTTTGCAATGTACTGTTTCACATGTAGCAGCCCTAGGACCGATAGG	Sig_kmer1592	55	False	True	False
2R	3502195	42M	TCTGCTCCAGGAGCTTACCGATGTGGACATTCTGCACGAAAG	Sig_kmer1596	42	False	True	False
2R	3602333	29M1D6M	AATGTTTCTTAACCAGTAGAGGGGAAGGATCACGT	Sig_kmer1617	36	False	True	False
2R	3469641	60M	TACTTTATCGTCCGGTGGCAATTAGTTTTATCACACTCCGGGGCTGCCACCGTCCGGCGG	Sig_kmer1632	60	False	True	False
NA	-1	NA	TAATTCACCCGGCACTGAACGGACTTTCTCGTGTATGCTC	Sig_kmer1644	0	False	False	False
2R	3609469	31M	ATCGGTAGGAATGTTGAGAGTGAACTCAATT	Sig_kmer1662	31	False	True	False
UNKN	18560212	6S26M14S	CACCACCGTGAGCGTGTGTGTGTGTGTGTGTGCCATCAACGCAATT	Sig_kmer1666	26	False	False	False
2R	3638080	37M	GCTGTATGGAACTATTTTTTCCACTGAATACCCAATT	Sig_kmer1672	37	False	True	False
2R	3623606	40M	GAATGGCCGATAAAAGAAAACACCACCGAAAGGTACAATT	Sig_kmer1673	40	False	True	False
2R	3454530	63M	CACTAGGAATTGTGTGGTAACAGATATTGTAGCACTCGACGGCAAGCAGCAGGAATACACCGA	Sig_kmer1681	63	False	True	False
2R	3501524	59M	GGGTACTGTCGAATTGTTTACATTCTGCACGCCGAAAACAAACCGCACAGCCACCAGAC	Sig_kmer1686	59	False	True	False
2R	3587158	20M1D30M	ATTGTACGATCATCTTGCGATCAGAATTCACAACAAGCTGAAACAATTCC	Sig_kmer1687	51	False	True	False
2R	3474351	32M	GGTTAAATGTTTCGTATTGCTTAAGCAAATTA	Sig_kmer1711	32	False	True	False
2R	3452117	9S30M	CATTGGTTGTGGCTATTGGTTCTTTGTTTTGTAAAATAT	Sig_kmer1737	30	False	True	False
2R	3438535	43M1I17M	GCTGGGACGAGATACAAGTGCGACGGTAATACAAAACGCTGAGAAAAAAACACGATACAAC	Sig_kmer1740	60	False	True	False
2R	3517690	34M	ACCACAACAGCTATCCAATCCAATCCGATCCCTC	Sig_kmer1790	34	False	True	False
2R	3482813	41M	TTGTTGTGCAGTCTGTAATGCAGGGGAGTTGTCAGTGGCGT	Sig_kmer1805	41	False	True	False
2R	3482485	32M	GTTGTAAGGGAAGTAAGCTTTACAACAATTGT	Sig_kmer1842	32	False	True	False
X	8534997	31M	TTCATTTATTGCTCTGAAGTTTTTTTTGTGT	Sig_kmer1845	31	False	False	False
2R	37660983	18S22M4S	GGACATGTGTGTGTGTGGTTCTGTGTTGTGTGTGTGTGCTGTGT	Sig_kmer1850	22	False	False	False
2R	34832555	5H20M19H	TGTGTGTGTGTGGTTCTGTG	Sig_kmer1850	20	True	False	False
2R	3589367	46M	TAGCACGCGCTGCCTGTGTGTGTGTGTGTGTGCGGGTGTGCCCAGG	Sig_kmer1869	46	False	True	False
2R	52011366	5S26M7S	AGTTGCACACACACACACACATACACACGGGCAAACAC	Sig_kmer1870	26	False	False	False
2R	3567453	51M	ACACGCCCAGTCCCACACACGGTACACAAGCGGCACACGTACGCGAAAACA	Sig_kmer1887	51	False	True	False
3R	8904597	3S27M10S	ATTCACACTGCTCTCTCTCTCTCTCTCTCTGTGTGGTGTG	Sig_kmer1896	27	False	False	False
2R	3481938	55M	CCGAGCGAAAGGTCGATATGGGACCTGCCAGAGACCTGCGGCACCTACGGTGTGA	Sig_kmer1919	55	False	True	False
2R	3502309	49M	GGAGCGCCTAGATGAGTCTGTGAAGGAGGAAGCGGACGGTGTGCACAAC	Sig_kmer1920	49	False	True	False
2R	3620094	61M	ATTTGCCATATATTTTCCCACCTCAGGCGGACATGCACCGTGCGGTTTCGTGTATGCTCTA	Sig_kmer1924	61	False	True	False
2R	3464670	36M	GACACGATTTGTAGTCGTTTTCCGGAGTTGAGGATA	Sig_kmer1931	36	False	True	False
2R	3461250	24M4D24M	ACCCACCCGCCACACGGGCCGGCTCACACACACACACACACGCGCCTA	Sig_kmer1940	52	False	True	False
2R	3539746	30M2D19M	GTCCCGCTGTACACTACGCGTCTCCAAAGAACGAAAAATACCATCTGCT	Sig_kmer1947	51	False	True	False
2R	3486004	17M3D30M	TAGCATGAAATATTTATTTCTTATAATTGAGTGTCGGTGTGATTCCG	Sig_kmer1952	50	False	True	True
2R	3628960	35M	GCATCCTGGCACCACCTTCACCTGGGAGTGTTGGT	Sig_kmer1954	35	False	True	False
2R	3454975	30M1I30M	CTGTATCTCGGGACATCTCGGCCGACCGACGTGGCCTGCTGGTCGGAGTGTACAAAAAGGG	Sig_kmer1955	60	False	True	False
2R	3623866	45M	CACTCTCCACTCGGTGGCCCTGTCCCGCGGGGCGGAGTGTGACCA	Sig_kmer1956	45	False	True	False
2R	3633573	39M	GTCCTCCAACAGAACCGTCTGGAGCAGCTGGAAAAACGT	Sig_kmer1975	39	False	True	False
2L	8662022	40M	CACAGATTTCAGAGGTTTTCGAAATTAGAGGAACAAAAAT	Sig_kmer1993	40	False	False	False
2R	3451639	50M	GGGGGAGTCCGACAGGGAGAGAAATCCTTCGAACCGACACCGGAGGACTA	Sig_kmer2020	50	False	True	False
2R	3575533	38M	GACAGTATCGTCTGGACGTTGGCGTGGCATCCGCTCGG	Sig_kmer2027	38	False	True	False
2R	3615178	37M	TCATATATGTGTTTGGTTTCCCTCCATACTGTCGCTA	Sig_kmer2028	37	False	True	False
2R	3496376	49M	TTGGGTTGATCATCTGGATGGGCAACACACGCAAACAATCGACTGTCGA	Sig_kmer2031	49	False	True	False
2R	3620028	36M	TCTTTACATACTCGGTCCTTTTTATGGAATCTCACT	Sig_kmer2056	36	False	True	False
2R	3459578	39M	ACATATACTATACGACCCAAACAGAAGGCTCTAATAATA	Sig_kmer2060	39	False	True	False
2R	3446153	33M	ATACATGCGCTTACACATACGAAGGGAAGATGG	Sig_kmer2085	33	False	True	False
NA	-1	NA	GCTTTACCAAATAATATTCAATCTCCAAAATGTCTC	Sig_kmer2127	0	False	False	False
NA	-1	NA	ACCACTATAAGCTTTTCCTCTGCGCGGGCTGCAAAGCCTGTG	Sig_kmer2153	0	False	False	False
2R	3563135	63M	GCGTGCTGCTTGCACGAACGGCGGACCAGCAGCTAGATTGCAACATAAAGACAAAGTTCCGCT	Sig_kmer2156	63	False	True	False
2R	3452530	35M	TACTACCCCACCGACTCCGAACACGGGCGCGCGGA	Sig_kmer2187	35	False	True	False
2L	47827150	23M17S	CCTCCCCCACCCCCCCTCTCCCCTGCTTCGGAGCCAAGGC	Sig_kmer2188	23	False	False	False
2R	3442123	60M	GTCCTGGTCCAATATTAGCCTCGAGTGTACGGGTGCGACGACGAACCGGGAGAACGGGAA	Sig_kmer2202	60	False	True	False
2R	3560786	61M	CGGCCCCATTCGCGCTCCCCACCCGTGTTTGTGTTGCAACTACAGGGTGGGAGACGACCCA	Sig_kmer2203	61	False	True	False
2R	3589130	47M	CAGTCGAGCAGCGGGAACCGTCAGTTGCAGCAAACGGGTCGCTGCAC	Sig_kmer2204	47	False	True	False
2R	3453311	54M	TCTTTTGATCCACCCTCCAGCACGCACCCCATATGCCACAATCCCTCGCACAAC	Sig_kmer2207	54	False	True	False
NA	-1	NA	TACCGAGTCGTTTTCGCACGTATGCCAGCTACACTGGCTGCAAA	Sig_kmer2226	0	False	False	False
2R	3636400	41M	CTGATTGATTGATTGTGTGAGAAAAATCGGTGCGATAATGC	Sig_kmer2230	41	False	True	False
2R	3487544	32M	CACGATTATCCCACGGCGTGGTTGGGCCGGTG	Sig_kmer2244	32	False	True	True
2R	3494268	30M1I11M	TACTACCGTGCGGTTTGGTATGGCGGCCAATCAACACTAAAC	Sig_kmer2258	41	False	True	True
2R	3470590	48M	GGCTCAGCGCCACAGCGGTTTCCCAACAATCTAGGTTAAACCATGCCT	Sig_kmer2265	48	False	True	False
2R	3590524	35M	TCGTACCTATAGCAAAATGGTGAAGTTGATAGAGG	Sig_kmer2267	35	False	True	False
2R	3502140	40M	GTTTGCTGGACCTGCTGTCGCACCAAAACTCGGACATCAG	Sig_kmer2274	40	False	True	False
2R	3469609	33M	CGTAAACCTGTCCGCCTGTACCCGGCGAAAGGT	Sig_kmer2293	33	False	True	False
2R	3474644	22M22S	TAGCATTTAGCATACGACGAATGTAGTCAACCCAAATACCAGGA	Sig_kmer2320	22	False	True	False
2R	51075665	6H19M19H	TATTTGGGTTGACTACATT	Sig_kmer2320	19	True	False	False
2R	3466441	44M	ACTTTGTAACCGGGCCGTACACGAGTCGGAGATCGTCTCACGTG	Sig_kmer2352	44	False	True	False
2R	3444642	14M6I30M	TCGTTATGCTGCTACTGCTGCTGCTGCTGCTGCTGCGTTCATTGCTCCCG	Sig_kmer2377	44	False	True	False
2R	3615300	33M	TACGCAGTAGAAGTACATGACATAAGAGCATAA	Sig_kmer2378	33	False	True	False
NA	-1	NA	CTCCGGCACGCCCAGTTGAAGCGCAGTGGCACAAAGGAGGGAGGGA	Sig_kmer2386	0	False	False	False
2R	3557718	45M1D15M	ATCAGCTCTGCAAGCATTCCCCATTCCCCACGGGCGTCGCGGGGCGATTGTGTGTACCGG	Sig_kmer2389	61	False	True	False
2R	3450294	34M	CATTCCGGCACGATAGTGTTCGTCACTCGGCGTC	Sig_kmer2392	34	False	True	False
2R	3505055	18M2I21M	CGATAATACGCCTTCGACTATATATATATATTAACGCAGGA	Sig_kmer2395	39	False	True	False
2R	3542293	39M	CCCTGTTCATCGTCCCACGCGTGAGATGCCGTAGACATC	Sig_kmer2441	39	False	True	False
2R	3451337	23M3I5M	ACGGCGGAAGCCATGTTTTTTTTTTGGGGGG	Sig_kmer2445	28	False	True	False
2R	3465982	28M23S	TTTTATTTTCCCCTTTGTTGTATGCCCCCCTCTCCCCACCCCCGTCCAGCA	Sig_kmer2455	28	False	True	False
2R	3597507	41M	CTTTCACTTCACGGTGATGGTGCGTAAAGGCAAACTTCCCT	Sig_kmer2468	41	False	True	False
2R	3599419	2S30M	ACGTGTGTGTGTATGCGTTCACGAGTCTCTGA	Sig_kmer2507	30	False	True	False
2R	3583639	33M	GTACGTTAGATTGGCGATGTGAAAGCTCTGATG	Sig_kmer2508	33	False	True	False
2R	3452023	39M	TCGAGCCTACGTTGAACAATCGCAGCGACTAATTGCAAA	Sig_kmer2514	39	False	True	False
2R	3437391	37M	TTACTATCTACAGAGACATTTCGTCCATGCACGGAAT	Sig_kmer2562	37	False	True	False
2R	3539648	36M	GACTCCGTATCATGCTCTCATTCTACAGAGCAGCTA	Sig_kmer2596	36	False	True	False
2R	3446321	49M	CTCCCTCTCTCTCCCTCTCCTTTTCTCGCTCCGATCGAGTGAGCAATGA	Sig_kmer2600	49	False	True	False
2R	3632011	37M	TATCTTCGCATATAAATATCAAGAAATAAAGTACCAT	Sig_kmer2707	37	False	True	False
NA	-1	NA	CACTTTGACCAGACAGGCGGGCGACCAAGTGCG	Sig_kmer2715	0	False	False	False
2R	3529351	32M	AGAAAAAGTCGACATCATCCGCTTAACACGAC	Sig_kmer2737	32	False	True	False
2R	3474051	39M	TTCTCGTCAGAAACAAAGCAAAACAAAAAACAACAAAAA	Sig_kmer2749	39	False	True	False
2R	3456907	38M	GGAGAGTCGTTATCGGCCAGCGACAATGGGCGATATCA	Sig_kmer2895	38	False	True	False
2R	3490526	47M	AGATATTCTTTATCCTTTATCTCTTCTGCACCCTACGCACTCAATGC	Sig_kmer2915	47	False	True	True
NA	-1	NA	AGATCCCATGCCAAAGCAGGATGTAAATTAA	Sig_kmer2920	0	False	False	False
2R	3483971	61M	TTCACATTGACGATGTGTGCGAGCAGCGGCAGCAAATACACGGAGGGCACATAAATTAGCC	Sig_kmer2971	61	False	True	False
2R	3487797	7S27M	GGGGGGGGGGTCCCTAAATACTGATGACTTGCTC	Sig_kmer2990	27	False	True	True
2R	3599154	14M1I16M	AGCCAAAAAGCACCTTTTTTTCCAGGGAATG	Sig_kmer3074	30	False	True	False
2R	3503820	31M	TTCAGTATTTTCACTTACTCAATCCTTGGCT	Sig_kmer3077	31	False	True	False
2R	3502651	52M	CAGCCTCTGCTCGGCGCTGATGGCGAAGGAAAATCGGGAAAAGTTCCTCAAA	Sig_kmer3106	52	False	True	False
2R	3549009	31M	AGCGTTTTCTTTTGATATGAACTTTTTCTTA	Sig_kmer3167	31	False	True	False
2R	3607401	37M	GACATTGAGTTCATAGAATATGCTTATTTGGTAGCTG	Sig_kmer3169	37	False	True	False
2R	3438416	43M	GGCGTCAGTGAGGAAAATCTCTTTGGAACCACTCCCCCCCCCC	Sig_kmer3220	43	False	True	False
2R	3458446	32M	AGGAGGCACGGTGCAGCCGAGGCCTGCCGTCC	Sig_kmer3258	32	False	True	False
2R	3445370	22M1I26M	GTGGTGGCGCATACCAGGCCCACCCCCCCGAGCCAGACGACAAGCCCCC	Sig_kmer3295	48	False	True	False
2R	3456427	27M5S	CCATTCAAACACACACAACCACACCCTCCCTC	Sig_kmer3328	27	False	True	False
2R	3450716	37M	GGAGGGAGGTGGAGCGGAATGACCTCCGTAAATCATA	Sig_kmer3364	37	False	True	False
NA	-1	NA	TGAAGTGGCAGTAAAATCCCACCTCCCGCCCTGCACTGCA	Sig_kmer3383	0	False	False	False
2L	23551443	26M5S	AGTCCAGTCTGGGCTCGAACCCATGATGGGA	Sig_kmer3443	26	False	False	False
2R	3492171	55M	CAGTCTGGGCTTCCTGTTTCTCGGCACCCCCGAAGCGCCGGGCAATGCGGGACTG	Sig_kmer3447	55	False	True	True
3L	25057462	11S21M11S	GAGTCTGCCGCTGGAAAGCTTTTGTTTGTGGACAGGATGGCAA	Sig_kmer3471	21	False	False	False
2R	3559184	39M	GAGTGCCGTTGTTGAGCGGTTCACACATAAAGCAGACAG	Sig_kmer3496	39	False	True	False
2R	3558164	40M	GATGATGATGATGAGATAGGGGGCCTCGGCACACTGATGC	Sig_kmer3530	40	False	True	False
NA	-1	NA	AGTGTTTCTATTCTTTTGTTCATTTCATTCG	Sig_kmer3546	0	False	False	False
2R	3636639	17M2I18M	TGGTGCCGCTTCTTCTCTGTGTGTGTGTGTATGTGAA	Sig_kmer3697	35	False	True	False
NA	-1	NA	ATAGGGTTCCTTCTGTTGCGTTCGCCCTGAT	Sig_kmer3765	0	False	False	False
3R	43777819	5S19M13S	GCTAGATATTTATATAAATTGTATAAAAAAAGACAAA	Sig_kmer3846	19	False	False	False
NA	-1	NA	ATCAAATCAGCTAGATAACGAGCCAAGCCAAAT	Sig_kmer3860	0	False	False	False
2R	3474913	34M	TTCATCAAATGAAAAAAGGCCTGATCAAATAGTA	Sig_kmer3861	34	False	True	False
2R	3486241	47M	TGCCGGTTGGTTTATCGGAGTGTGTGTGTGGATGGCATTTTCCACGC	Sig_kmer3924	47	False	True	True
2R	3583384	44M	GGTCGTGGTACTCGCGCCCGGCACTACCGATCCCGTCCATGGAT	Sig_kmer3930	44	False	True	False
2R	3480226	30M12S	GGGTGTGCATCGATGAGATCCGTGCGGTGGAGAGATAGGATA	Sig_kmer3960	30	False	True	False
2R	3617501	33M	GAATCGGTAGTTATCTAAATCTATTTTCCATAC	Sig_kmer4013	33	False	True	False
NA	-1	NA	ATGAATGGCATATAGAGGATGTTGAGAAAAAA	Sig_kmer4113	0	False	False	False
2R	3475088	31M	GATTTGTTTTCCAGCTGTATTTTTGCGGCAT	Sig_kmer4156	31	False	True	False
2R	3453221	31M	ATGCGTTTTCGCGCGGTTTTCTTTTCGTTTC	Sig_kmer4168	31	False	True	False
X	1953841	30M16S	TATGTGTATGTGTGTGTATGTGTGTGTGTGCGAGAACCATACGGCA	Sig_kmer4258	30	False	False	False
2R	3476489	26M20H	TGCCGTATGGTTCTCGCACACACACA	Sig_kmer4258	26	True	True	False
2R	3491454	31M	CTCTCTCTCTCTCTTTCTGTGGTTCCAACAT	Sig_kmer4271	31	False	True	True
2R	3602220	35M	GCTGTAATGGTCGTAATGGAGAAGAAATAATGCAA	Sig_kmer4354	35	False	True	False
2R	3622645	24M1I12M	GCTTCATTGGAGCAACGGGGCGCACCTCTGGGGCACA	Sig_kmer4455	36	False	True	False
2R	3637775	6S30M	GTCTCTTTTCTCCTTTATGTGAATGACTTACAATGC	Sig_kmer4464	30	False	True	False
2R	3588395	22M9S	CAAAACAGGTGCTATTAAACGTTTTTAAAGG	Sig_kmer4626	22	False	True	False
2R	3547830	32M	GGTCACCTCAGCTGCAGGATGATTCATTTTGC	Sig_kmer4646	32	False	True	False
2R	3567111	31M	CACAAACAGGGGCGAAATTCTAAATTGAAAC	Sig_kmer4898	31	False	True	False
2L	28728307	9S22M	GGAACACATCGGATGTCTGTGTGTGTGTGTG	Sig_kmer4930	22	False	False	False
2R	3452949	31M	TTCAAACACACACACACACACACACACACTG	Sig_kmer5346	31	False	True	False
2R	3487832	35M	GTCACATTTCGGATCGGTCGAAACCGTTACGAATG	Sig_kmer5504	35	False	True	True
2R	3588527	31M	CCAGCCAAAAAGGTCAACCATTGCCTTGCTC	Sig_kmer5662	31	False	True	False
2R	3619967	31M	CCATCACACGGACGATCTAAAACATAATCTA	Sig_kmer5695	31	False	True	False
2R	3453067	22M3D11M	TCCCTCCACATTGCCCTCTTCCCTCCAATGGCA	Sig_kmer5719	36	False	True	False
2R	3591509	33M	TTGCAGCAGTACCTCGACGTTCGTGCATGGGCA	Sig_kmer5758	33	False	True	False
2R	3487752	47M	CCGGGTTCCGGCATGGCGCATGGACGTGCGGAGAAGGCGACGGGGGG	Sig_kmer5788	47	False	True	True
2R	3447486	40M7S	GCGGCTCTGGTGCTGTGCAGAATAGGAAGAGGGGAAGGGGCGAGGGC	Sig_kmer5802	40	False	True	False
2R	3583096	17M1D15M	CCGAAAGGGTTCTGGCCAAAAAAAAAGGACGA	Sig_kmer5881	33	False	True	False
2R	3483269	5M2D26M	CTCCCAAAAACAAACGACCAACAGCATCCGG	Sig_kmer5963	33	False	True	False
2R	3457008	31M	CCTATTTCGAGCGGCCATCGCAGTTGAATGA	Sig_kmer6052	31	False	True	False
2R	3489767	19M14S	CTCCTGCCTTCTCAAACGAGCTCCAGAAATAAA	Sig_kmer6091	19	False	True	True
2R	3456047	41M	CGGCTGCTGGCGGCAAATGGTGGAGTGCCGATGGGTAAAGG	Sig_kmer6129	41	False	True	False
2R	3494585	33M	CGCGCACACTTTCGACACGCAACCACAGCTCCA	Sig_kmer6318	33	False	True	True
2R	3496425	33M	CTGTGGCAAGCTAATCAAACTATTTCAAACCCG	Sig_kmer6532	33	False	True	False
2R	3488616	11S22M	TTCGGTGGGTCTCGGCTTGTGCCTCATTTGAAA	Sig_kmer6558	22	False	True	True
2R	3460264	27M5S	GTGCTAAAAAAGCTGTAGATACCCTTAGATAG	Sig_kmer6799	27	False	True	False
2R	3541418	31M	CTGAGCAATGTTTCTAATTAAAAGCATCTGA	Sig_kmer6943	31	False	True	False
NA	-1	NA	CTGCAAAAATTGTAACATGTAAAGGTTGTAAA	Sig_kmer6956	0	False	False	False
2R	3620835	33M	GCTGGGTTTGGGGGAAAATTCATATCGGCCAGC	Sig_kmer7016	33	False	True	False
2R	3607489	34M	TATTGAGATTGCATTGGATGTAGGCGCAAGAAAG	Sig_kmer7186	34	False	True	False
2R	3545288	32M	CTTTGTCGTTCCTAAAATCCCATTCTCAAAAC	Sig_kmer7193	32	False	True	False
2R	3592492	32M	TGTGTGGGTAGTGCAGTGCTGTGAAAAATTCA	Sig_kmer7414	32	False	True	False
NA	-1	NA	GAGAGAGCGGCATGGGAAAGTGTAGTGCTGC	Sig_kmer7518	0	False	False	False
NA	-1	NA	GAGCGTTTACGGAACGCGGGGCTCGCCCGCC	Sig_kmer7565	0	False	False	False
2R	3545845	4M2I25M	TAAGATATATATATTTTGCATAAAACAATGC	Sig_kmer7916	29	False	True	False
2R	3443989	31M	GGAGATGATAGTAGCAAAAGAAAAGCGCCCC	Sig_kmer8259	31	False	True	False
NA	-1	NA	TGTTTGGCTAGTACATTTAGTGCCGGCTTGAGTGCA	Sig_kmer8362	0	False	False	False
NA	-1	NA	GGGGTGCATGGCCAGCTGGTCTAGCTGCACC	Sig_kmer8437	0	False	False	False
2R	8782798	7S19M5S	TCCATCAAGCTGCTCAGTACAGAAAACGACC	Sig_kmer8483	19	False	False	False
NA	-1	NA	GGTTGCAGCGGGAAAACACAGTTCACTTTTA	Sig_kmer8518	0	False	False	False
2R	3488688	22M9S	TAATCCTGCCCGAGAGGGTAAGGGTAAGAAC	Sig_kmer8837	22	False	True	True
NA	-1	NA	TAACACGAGGAATTGTTATTTGAAAATGTAA	Sig_kmer8934	0	False	False	False
NA	-1	NA	TACTTCTCCCACTCCTATTCTGGCAAGGCTA	Sig_kmer9054	0	False	False	False
2R	3474392	32M	TTTAGCAATTTTTAACGATAAACAAGATAAAA	Sig_kmer9548	32	False	True	False
