index	ox_code	ox_code_sam	population	phenotype	genotype
160	AB0101-Ca	AB0101-C	BFcol	nan	119S
177	AB0113-Cb	AB0113-C	BFcol	nan	119S
456	AB0279-Ca	AB0279-C	BFcol	nan	119S
457	AB0279-Cb	AB0279-C	BFcol	nan	119S
2150	AY0012-Ca	AY0012-C	CIcol	dead	119S
2154	AY0015-Ca	AY0015-C	CIcol	alive	119S
2155	AY0015-Cb	AY0015-C	CIcol	alive	119S
2157	AY0016-Cb	AY0016-C	CIcol	alive	119S
2158	AY0017-Ca	AY0017-C	CIcol	dead	119S
2160	AY0018-Ca	AY0018-C	CIcol	dead	119S
2161	AY0018-Cb	AY0018-C	CIcol	dead	119S
2164	AY0020-Ca	AY0020-C	CIcol	dead	119S
2165	AY0020-Cb	AY0020-C	CIcol	dead	119S
2168	AY0023-Ca	AY0023-C	CIcol	dead	119S
2169	AY0023-Cb	AY0023-C	CIcol	dead	119S
2170	AY0024-Ca	AY0024-C	CIcol	alive	119S
2172	AY0025-Ca	AY0025-C	CIcol	alive	119S
2173	AY0025-Cb	AY0025-C	CIcol	alive	119S
2178	AY0029-Ca	AY0029-C	CIcol	dead	119S
2180	AY0031-Ca	AY0031-C	CIcol	dead	119S
2182	AY0032-Ca	AY0032-C	CIcol	dead	119S
2183	AY0032-Cb	AY0032-C	CIcol	dead	119S
2184	AY0033-Ca	AY0033-C	CIcol	dead	119S
2187	AY0034-Cb	AY0034-C	CIcol	dead	119S
2195	AY0039-Cb	AY0039-C	CIcol	dead	119S
2213	AY0049-Cb	AY0049-C	CIcol	alive	119S
2218	AY0053-Ca	AY0053-C	CIcol	dead	119S
2225	AY0056-Cb	AY0056-C	CIcol	alive	119S
2226	AY0057-Ca	AY0057-C	CIcol	alive	119S
2227	AY0057-Cb	AY0057-C	CIcol	alive	119S
2232	AY0060-Ca	AY0060-C	CIcol	alive	119S
2236	AY0062-Ca	AY0062-C	CIcol	dead	119S
2242	AY0065-Ca	AY0065-C	CIcol	dead	119S
2243	AY0065-Cb	AY0065-C	CIcol	dead	119S
2245	AY0066-Cb	AY0066-C	CIcol	dead	119S
2255	AY0072-Cb	AY0072-C	CIcol	dead	119S
2257	AY0074-Cb	AY0074-C	CIcol	dead	119S
2260	AY0077-Ca	AY0077-C	CIcol	dead	119S
2267	AY0080-Cb	AY0080-C	CIcol	alive	119S
2270	AY0083-Ca	AY0083-C	CIcol	dead	119S
2271	AY0083-Cb	AY0083-C	CIcol	dead	119S
2274	AY0087-Ca	AY0087-C	CIcol	dead	119S
2278	AY0089-Ca	AY0089-C	CIcol	alive	119S
2281	AY0090-Cb	AY0090-C	CIcol	alive	119S
12	AA0049-Ca	AA0049-C	GHcol	alive	119S
13	AA0049-Cb	AA0049-C	GHcol	alive	119S
75	AA0097-Cb	AA0097-C	GHcol	alive	119S
118	AA0132-Ca	AA0132-C	GHcol	alive	119S
119	AA0132-Cb	AA0132-C	GHcol	alive	119S
130	AA0140-Ca	AA0140-C	GHcol	dead	119S
133	AA0141-Cb	AA0141-C	GHcol	dead	119S
183	AB0117-Cb	AB0117-C	BFgam	nan	119S
186	AB0119-Ca	AB0119-C	BFgam	nan	119S
187	AB0119-Cb	AB0119-C	BFgam	nan	119S
204	AB0133-Ca	AB0133-C	BFgam	nan	119S
209	AB0135-Cb	AB0135-C	BFgam	nan	119S
245	AB0159-Cb	AB0159-C	BFgam	nan	119S
246	AB0160-Ca	AB0160-C	BFgam	nan	119S
346	AB0217-Ca	AB0217-C	BFgam	nan	119S
364	AB0228-Ca	AB0228-C	BFgam	nan	119S
388	AB0241-Ca	AB0241-C	BFgam	nan	119S
389	AB0241-Cb	AB0241-C	BFgam	nan	119S
411	AB0253-Cb	AB0253-C	BFgam	nan	119S
59	AA0085-Cb	AA0085-C	GHgam	alive	119S
121	AA0133-Cb	AA0133-C	GHgam	alive	119S
2054	AV0001-Ca	AV0001-C	GNgam	nan	119S
2098	AV0026-Ca	AV0026-C	GNgam	nan	119S
2099	AV0026-Cb	AV0026-C	GNgam	nan	119S
2108	AV0031-Ca	AV0031-C	GNgam	nan	119S
