ox_code	population	genotype	phenotype
AA0040-C	GHcol	1	dead
AA0041-C	GHcol	1	dead
AA0042-C	GHcol	2	dead
AA0043-C	GHcol	2	dead
AA0044-C	GHcol	2	dead
AA0048-C	GHgam	2	alive
AA0049-C	GHcol	2	alive
AA0050-C	GHgam	2	dead
AA0051-C	GHcol	1	dead
AA0052-C	GHcol	2	dead
AA0053-C	GHcol	2	dead
AA0054-C	GHcol	2	dead
AA0055-C	GHcol	0	dead
AA0056-C	GHcol	2	dead
AA0060-C	GHgam	2	alive
AA0061-C	GHgam	2	alive
AA0063-C	GHcol	2	dead
AA0064-C	GHcol	1	dead
AA0066-C	GHcol	1	dead
AA0067-C	GHcol	1	dead
AA0068-C	GHcol	2	dead
AA0072-C	GHgam	1	alive
AA0073-C	GHcol	2	alive
AA0074-C	GHcol	1	dead
AA0075-C	GHcol	1	dead
AA0076-C	GHcol	2	dead
AA0077-C	GHcol	2	dead
AA0080-C	GHcol	1	dead
AA0084-C	GHgam	2	alive
AA0085-C	GHgam	2	alive
AA0086-C	GHgam	2	dead
AA0087-C	GHcol	1	dead
AA0088-C	GHcol	0	dead
AA0089-C	GHcol	1	dead
AA0090-C	GHcol	1	dead
AA0091-C	GHcol	1	dead
AA0096-C	GHgam	2	alive
AA0097-C	GHcol	1	alive
AA0098-C	GHcol	2	dead
AA0099-C	GHcol	1	dead
AA0100-C	GHcol	2	dead
AA0101-C	GHcol	2	dead
AA0102-C	GHcol	2	dead
AA0103-C	GHcol	2	dead
AA0104-C	GHcol	0	dead
AA0107-C	GHcol	2	dead
AA0108-C	GHgam	2	alive
AA0109-C	GHcol	1	alive
AA0110-C	GHcol	1	dead
AA0111-C	GHcol	0	dead
AA0113-C	GHcol	1	dead
AA0114-C	GHcol	2	dead
AA0115-C	GHcol	2	dead
AA0116-C	GHcol	2	dead
AA0122-C	GHgam	2	dead
AA0123-C	GHcol	1	dead
AA0124-C	GHcol	2	dead
AA0125-C	GHcol	2	dead
AA0127-C	GHcol	1	dead
AA0132-C	GHcol	2	alive
AA0133-C	GHgam	2	alive
AA0134-C	GHcol	1	dead
AA0135-C	GHcol	0	dead
AA0136-C	GHcol	2	dead
AA0139-C	GHcol	1	dead
AA0140-C	GHcol	2	dead
AA0141-C	GHcol	1	dead
AB0085-C	BFgam	2	
AB0087-C	BFcol	1	
AB0088-C	BFcol	0	
AB0089-C	BFcol	1	
AB0090-C	BFcol	2	
AB0091-C	BFcol	1	
AB0092-C	BFcol	1	
AB0094-C	BFcol	2	
AB0095-C	BFcol	2	
AB0097-C	BFcol	0	
AB0098-C	BFcol	2	
AB0099-C	BFcol	2	
AB0100-C	BFcol	0	
AB0101-C	BFcol	2	
AB0103-C	BFgam	2	
AB0104-C	BFgam	1	
AB0108-C	BFgam	2	
AB0109-C	BFcol	2	
AB0110-C	BFcol	1	
AB0111-C	BFcol	0	
AB0112-C	BFcol	2	
AB0113-C	BFcol	2	
AB0114-C	BFcol	2	
AB0115-C	BFcol	1	
AB0117-C	BFgam	1	
AB0118-C	BFgam	2	
AB0119-C	BFgam	2	
AB0122-C	BFcol	0	
AB0123-C	BFcol	0	
AB0124-C	BFcol	1	
AB0126-C	BFgam	2	
AB0127-C	BFgam	2	
AB0128-C	BFgam	2	
AB0129-C	BFgam	2	
AB0130-C	BFgam	2	
AB0133-C	BFgam	2	
AB0134-C	BFgam	2	
AB0135-C	BFgam	2	
AB0136-C	BFgam	2	
AB0137-C	BFcol	2	
AB0138-C	BFcol	2	
AB0139-C	BFcol	2	
AB0140-C	BFcol	0	
AB0142-C	BFcol	0	
AB0143-C	BFgam	2	
AB0145-C	BFgam	2	
AB0146-C	BFgam	1	
AB0147-C	BFgam	1	
AB0148-C	BFgam	2	
AB0150-C	BFgam	2	
AB0151-C	BFgam	2	
AB0153-C	BFgam	2	
AB0155-C	BFgam	2	
AB0157-C	BFgam	2	
AB0158-C	BFgam	2	
AB0159-C	BFgam	2	
AB0160-C	BFgam	2	
AB0161-C	BFgam	1	
AB0162-C	BFgam	0	
AB0164-C	BFgam	2	
AB0165-C	BFgam	2	
AB0166-C	BFgam	2	
AB0167-C	BFgam	2	
AB0169-C	BFgam	2	
AB0170-C	BFgam	2	
AB0171-C	BFgam	2	
AB0172-C	BFgam	2	
AB0173-C	BFgam	1	
AB0174-C	BFgam	2	
AB0175-C	BFgam	2	
AB0176-C	BFgam	2	
AB0177-C	BFgam	2	
AB0178-C	BFgam	2	
AB0179-C	BFgam	2	
AB0181-C	BFcol	1	
AB0182-C	BFcol	2	
AB0183-C	BFcol	2	
AB0184-C	BFcol	1	
AB0185-C	BFcol	1	
AB0186-C	BFcol	2	
AB0187-C	BFcol	2	
AB0188-C	BFcol	2	
AB0189-C	BFcol	2	
AB0190-C	BFcol	2	
AB0191-C	BFcol	1	
AB0192-C	BFcol	1	
AB0195-C	BFcol	1	
AB0196-C	BFcol	2	
AB0197-C	BFgam	2	
AB0198-C	BFgam	2	
AB0199-C	BFgam	1	
AB0200-C	BFgam	2	
AB0201-C	BFgam	2	
AB0202-C	BFgam	2	
AB0203-C	BFgam	2	
AB0204-C	BFcol	1	
AB0205-C	BFgam	1	
AB0206-C	BFgam	2	
AB0207-C	BFgam	2	
AB0208-C	BFgam	2	
AB0209-C	BFcol	2	
AB0210-C	BFcol	0	
AB0211-C	BFgam	2	
AB0212-C	BFcol	0	
AB0213-C	BFcol	1	
AB0215-C	BFcol	0	
AB0217-C	BFgam	1	
AB0218-C	BFgam	1	
AB0219-C	BFcol	1	
AB0221-C	BFcol	2	
AB0222-C	BFcol	1	
AB0223-C	BFcol	1	
AB0224-C	BFcol	2	
AB0226-C	BFcol	2	
AB0227-C	BFcol	1	
AB0228-C	BFgam	2	
AB0229-C	BFcol	1	
AB0231-C	BFgam	2	
AB0232-C	BFgam	2	
AB0233-C	BFgam	1	
AB0234-C	BFcol	1	
AB0235-C	BFgam	2	
AB0236-C	BFgam	2	
AB0237-C	BFcol	0	
AB0238-C	BFgam	2	
AB0239-C	BFgam	2	
AB0240-C	BFcol	2	
AB0241-C	BFgam	1	
AB0242-C	BFcol	2	
AB0243-C	BFcol	2	
AB0244-C	BFgam	2	
AB0246-C	BFcol	1	
AB0247-C	BFcol	1	
AB0248-C	BFcol	1	
AB0249-C	BFcol	0	
AB0250-C	BFcol	2	
AB0251-C	BFgam	2	
AB0252-C	BFgam	2	
AB0253-C	BFgam	2	
AB0255-C	BFgam	1	
AB0256-C	BFgam	2	
AB0257-C	BFcol	1	
AB0258-C	BFcol	1	
AB0260-C	BFgam	2	
AB0261-C	BFgam	1	
AB0262-C	BFcol	0	
AB0263-C	BFcol	2	
AB0264-C	BFgam	2	
AB0265-C	BFgam	2	
AB0266-C	BFcol	1	
AB0267-C	BFcol	1	
AB0268-C	BFgam	1	
AB0270-C	BFgam	2	
AB0271-C	BFgam	2	
AB0272-C	BFgam	1	
AB0273-C	BFgam	2	
AB0274-C	BFgam	2	
AB0275-C	BFgam	2	
AB0276-C	BFcol	1	
AB0277-C	BFgam	2	
AB0278-C	BFgam	2	
AB0279-C	BFcol	2	
AB0280-C	BFgam	2	
AB0281-C	BFgam	2	
AB0282-C	BFcol	0	
AB0283-C	BFgam	2	
AB0284-C	BFgam	2	
AC0089-C	UGgam	2	
AC0090-C	UGgam	2	
AC0091-C	UGgam	2	
AC0092-C	UGgam	2	
AC0093-C	UGgam	2	
AC0094-C	UGgam	2	
AC0095-C	UGgam	2	
AC0096-C	UGgam	2	
AC0097-C	UGgam	2	
AC0098-C	UGgam	2	
AC0099-C	UGgam	2	
AC0100-C	UGgam	2	
AC0101-C	UGgam	1	
AC0102-C	UGgam	2	
AC0103-C	UGgam	2	
AC0104-C	UGgam	2	
AC0105-C	UGgam	2	
AC0106-C	UGgam	1	
AC0107-C	UGgam	2	
AC0108-C	UGgam	2	
AC0109-C	UGgam	2	
AC0110-C	UGgam	1	
AC0111-C	UGgam	2	
AC0112-C	UGgam	2	
AC0113-C	UGgam	2	
AC0114-C	UGgam	2	
AC0115-C	UGgam	2	
AC0116-C	UGgam	1	
AC0117-C	UGgam	2	
AC0118-C	UGgam	2	
AC0119-C	UGgam	1	
AC0120-C	UGgam	2	
AC0121-C	UGgam	2	
AC0122-C	UGgam	2	
AC0123-C	UGgam	2	
AC0124-C	UGgam	2	
AC0125-C	UGgam	2	
AC0126-C	UGgam	2	
AC0127-C	UGgam	0	
AC0128-C	UGgam	2	
AC0129-C	UGgam	1	
AC0130-C	UGgam	2	
AC0131-C	UGgam	2	
AC0132-C	UGgam	2	
AC0133-C	UGgam	2	
AC0134-C	UGgam	2	
AC0135-C	UGgam	2	
AC0136-C	UGgam	2	
AC0137-C	UGgam	2	
AC0138-C	UGgam	2	
AC0139-C	UGgam	2	
AC0140-C	UGgam	2	
AC0141-C	UGgam	1	
AC0142-C	UGgam	2	
AC0143-C	UGgam	2	
AC0144-C	UGgam	2	
AC0145-C	UGgam	2	
AC0146-C	UGgam	2	
AC0147-C	UGgam	2	
AC0148-C	UGgam	2	
AC0149-C	UGgam	2	
AC0150-C	UGgam	2	
AC0151-C	UGgam	1	
AC0152-C	UGgam	2	
AC0153-C	UGgam	2	
AC0154-C	UGgam	2	
AC0155-C	UGgam	2	
AC0156-C	UGgam	2	
AC0157-C	UGgam	2	
AC0158-C	UGgam	2	
AC0159-C	UGgam	2	
AC0160-C	UGgam	2	
AC0161-C	UGgam	2	
AC0162-C	UGgam	2	
AC0163-C	UGgam	2	
AC0164-C	UGgam	1	
AC0166-C	UGgam	2	
AC0167-C	UGgam	2	
AC0168-C	UGgam	1	
AC0169-C	UGgam	1	
AC0170-C	UGgam	2	
AC0171-C	UGgam	1	
AC0172-C	UGgam	2	
AC0173-C	UGgam	2	
AC0174-C	UGgam	2	
AC0176-C	UGgam	1	
AC0177-C	UGgam	2	
AC0178-C	UGgam	2	
AC0179-C	UGgam	2	
AC0180-C	UGgam	2	
AC0181-C	UGgam	2	
AC0182-C	UGgam	2	
AC0183-C	UGgam	2	
AC0184-C	UGgam	2	
AC0185-C	UGgam	1	
AC0186-C	UGgam	2	
AC0187-C	UGgam	1	
AC0188-C	UGgam	2	
AC0189-C	UGgam	2	
AC0190-C	UGgam	1	
AC0191-C	UGgam	2	
AC0192-C	UGgam	2	
AC0193-C	UGgam	2	
AC0194-C	UGgam	2	
AC0195-C	UGgam	2	
AC0196-C	UGgam	1	
AC0197-C	UGgam	1	
AC0199-C	UGgam	2	
AC0200-C	UGgam	2	
AC0201-C	UGgam	2	
AC0202-C	UGgam	2	
AC0203-C	UGgam	1	
AG0082-C	GM	1	
AG0085-C	GM	0	
AG0089-C	GM	1	
AG0096-C	GM	0	
AG0097-C	GM	0	
AG0098-C	GM	0	
AG0100-C	GM	1	
AG0102-C	GM	1	
AG0104-C	GM	1	
AG0106-C	GM	2	
AG0108-C	GM	0	
AG0109-C	GM	1	
AG0111-C	GM	1	
AG0118-C	GM	2	
AG0120-C	GM	1	
AG0121-C	GM	0	
AG0123-C	GM	1	
AG0125-C	GM	1	
AG0126-C	GM	1	
AG0127-C	GM	0	
AG0128-C	GM	2	
AG0129-C	GM	1	
AG0133-C	GM	0	
AG0134-C	GM	0	
AG0136-C	GM	0	
AG0137-C	GM	1	
AG0138-C	GM	1	
AG0139-C	GM	1	
AG0141-C	GM	2	
AG0142-C	GM	1	
AG0143-C	GM	0	
AG0144-C	GM	1	
AG0145-C	GM	2	
AG0146-C	GM	1	
AG0147-C	GM	1	
AG0148-C	GM	1	
AG0152-C	GM	2	
AG0153-C	GM	1	
AG0156-C	GM	1	
AG0159-C	GM	1	
AG0162-C	GM	2	
AG0163-C	GM	1	
AG0169-C	GM	1	
AG0170-C	GM	1	
AG0172-C	GM	1	
AG0178-C	GM	2	
AG0179-C	GM	1	
AG0181-C	GM	1	
AG0183-C	GM	1	
AG0195-C	GM	1	
AG0197-C	GM	1	
AG0202-C	GM	1	
AG0203-C	GM	1	
AG0204-C	GM	1	
AG0206-C	GM	1	
AG0208-C	GM	1	
AG0214-C	GM	0	
AG0221-C	GM	1	
AG0223-C	GM	1	
AG0227-C	GM	1	
AG0229-C	GM	0	
AG0230-C	GM	1	
AG0231-C	GM	1	
AG0232-C	GM	1	
AG0263-C	GM	2	
AJ0023-C	GW	0	
AJ0024-C	GW	2	
AJ0028-C	GW	1	
AJ0032-C	GW	1	
AJ0035-C	GW	1	
AJ0036-C	GW	2	
AJ0037-C	GW	2	
AJ0038-C	GW	1	
AJ0039-C	GW	1	
AJ0043-C	GW	1	
AJ0044-C	GW	0	
AJ0045-C	GW	0	
AJ0047-C	GW	2	
AJ0051-C	GW	1	
AJ0052-C	GW	1	
AJ0056-C	GW	0	
AJ0059-C	GW	1	
AJ0060-C	GW	1	
AJ0061-C	GW	1	
AJ0063-C	GW	0	
AJ0064-C	GW	2	
AJ0066-C	GW	1	
AJ0068-C	GW	1	
AJ0070-C	GW	0	
AJ0071-C	GW	1	
AJ0072-C	GW	1	
AJ0074-C	GW	0	
AJ0075-C	GW	2	
AJ0076-C	GW	0	
AJ0077-C	GW	2	
AJ0078-C	GW	1	
AJ0080-C	GW	1	
AJ0081-C	GW	1	
AJ0084-C	GW	2	
AJ0085-C	GW	2	
AJ0086-C	GW	1	
AJ0087-C	GW	0	
AJ0088-C	GW	0	
AJ0090-C	GW	1	
AJ0092-C	GW	0	
AJ0093-C	GW	1	
AJ0095-C	GW	1	
AJ0096-C	GW	1	
AJ0097-C	GW	1	
AJ0098-C	GW	1	
AJ0099-C	GW	0	
AJ0100-C	GW	0	
AJ0101-C	GW	1	
AJ0102-C	GW	2	
AJ0103-C	GW	0	
AJ0105-C	GW	2	
AJ0107-C	GW	1	
AJ0109-C	GW	0	
AJ0113-C	GW	2	
AJ0115-C	GW	1	
AJ0116-C	GW	1	
AJ0117-C	GW	1	
AJ0119-C	GW	1	
AJ0128-C	GW	0	
AJ0129-C	GW	1	
AJ0130-C	GW	1	
AJ0131-C	GW	0	
AJ0132-C	GW	0	
AJ0133-C	GW	0	
AJ0134-C	GW	1	
AJ0135-C	GW	1	
AJ0136-C	GW	1	
AJ0137-C	GW	1	
AJ0138-C	GW	0	
AJ0139-C	GW	1	
AJ0140-C	GW	0	
AJ0141-C	GW	1	
AJ0142-C	GW	2	
AJ0143-C	GW	1	
AJ0144-C	GW	0	
AJ0145-C	GW	1	
AJ0146-C	GW	1	
AJ0147-C	GW	0	
AJ0148-C	GW	1	
AJ0149-C	GW	0	
AJ0150-C	GW	1	
AJ0151-C	GW	1	
AJ0152-C	GW	2	
AJ0153-C	GW	1	
AJ0154-C	GW	0	
AJ0155-C	GW	1	
AJ0156-C	GW	1	
AJ0157-C	GW	2	
AJ0158-C	GW	1	
AJ0159-C	GW	1	
AJ0161-C	GW	0	
AK0060-C	KE	2	
AK0062-C	KE	1	
AK0065-C	KE	2	
AK0066-C	KE	2	
AK0067-C	KE	2	
AK0068-C	KE	2	
AK0069-C	KE	2	
AK0070-C	KE	2	
AK0072-C	KE	2	
AK0073-C	KE	2	
AK0074-C	KE	2	
AK0075-C	KE	2	
AK0076-C	KE	2	
AK0077-C	KE	2	
AK0078-C	KE	1	
AK0079-C	KE	2	
AK0080-C	KE	2	
AK0081-C	KE	1	
AK0082-C	KE	2	
AK0085-C	KE	1	
AK0086-C	KE	1	
AK0087-C	KE	2	
AK0088-C	KE	0	
AK0089-C	KE	1	
AK0090-C	KE	0	
AK0091-C	KE	2	
AK0092-C	KE	0	
AK0093-C	KE	2	
AK0094-C	KE	0	
AK0095-C	KE	1	
AK0096-C	KE	1	
AK0098-C	KE	1	
AK0099-C	KE	0	
AK0100-C	KE	1	
AK0101-C	KE	1	
AK0102-C	KE	0	
AK0103-C	KE	1	
AK0104-C	KE	1	
AK0105-C	KE	0	
AK0106-C	KE	1	
AK0107-C	KE	2	
AK0108-C	KE	1	
AK0109-C	KE	1	
AK0110-C	KE	1	
AK0116-C	KE	0	
AK0117-C	KE	2	
AK0119-C	KE	1	
AK0127-C	KE	1	
AN0007-C	CMgam	2	
AN0008-C	CMgam	2	
AN0009-C	CMgam	2	
AN0010-C	CMgam	1	
AN0011-C	CMgam	2	
AN0012-C	CMgam	2	
AN0013-C	CMgam	2	
AN0014-C	CMgam	2	
AN0015-C	CMgam	2	
AN0016-C	CMgam	2	
AN0017-C	CMgam	2	
AN0018-C	CMgam	2	
AN0019-C	CMgam	2	
AN0020-C	CMgam	2	
AN0022-C	CMgam	2	
AN0023-C	CMgam	2	
AN0024-C	CMgam	2	
AN0025-C	CMgam	2	
AN0026-C	CMgam	2	
AN0027-C	CMgam	2	
AN0028-C	CMgam	2	
AN0029-C	CMgam	1	
AN0030-C	CMgam	2	
AN0031-C	CMgam	2	
AN0032-C	CMgam	2	
AN0033-C	CMgam	2	
AN0034-C	CMgam	2	
AN0035-C	CMgam	2	
AN0036-C	CMgam	1	
AN0037-C	CMgam	1	
AN0038-C	CMgam	2	
AN0039-C	CMgam	2	
AN0040-C	CMgam	2	
AN0041-C	CMgam	2	
AN0042-C	CMgam	2	
AN0043-C	CMgam	2	
AN0044-C	CMgam	2	
AN0045-C	CMgam	2	
AN0046-C	CMgam	2	
AN0047-C	CMgam	2	
AN0048-C	CMgam	2	
AN0049-C	CMgam	2	
AN0050-C	CMgam	2	
AN0051-C	CMgam	2	
AN0053-C	CMgam	2	
AN0054-C	CMgam	2	
AN0055-C	CMgam	2	
AN0056-C	CMgam	2	
AN0057-C	CMgam	2	
AN0058-C	CMgam	2	
AN0059-C	CMgam	2	
AN0060-C	CMgam	2	
AN0061-C	CMgam	2	
AN0062-C	CMgam	2	
AN0063-C	CMgam	2	
AN0064-C	CMgam	2	
AN0065-C	CMgam	2	
AN0066-C	CMgam	2	
AN0067-C	CMgam	1	
AN0068-C	CMgam	2	
AN0069-C	CMgam	2	
AN0070-C	CMgam	2	
AN0071-C	CMgam	2	
AN0072-C	CMgam	2	
AN0073-C	CMgam	2	
AN0074-C	CMgam	1	
AN0075-C	CMgam	2	
AN0076-C	CMgam	2	
AN0077-C	CMgam	2	
AN0079-C	CMgam	1	
AN0080-C	CMgam	2	
AN0081-C	CMgam	1	
AN0082-C	CMgam	2	
AN0083-C	CMgam	2	
AN0084-C	CMgam	2	
AN0085-C	CMgam	2	
AN0086-C	CMgam	2	
AN0087-C	CMgam	2	
AN0088-C	CMgam	2	
AN0089-C	CMgam	2	
AN0090-C	CMgam	1	
AN0091-C	CMgam	2	
AN0092-C	CMgam	2	
AN0093-C	CMgam	2	
AN0094-C	CMgam	2	
AN0095-C	CMgam	2	
AN0096-C	CMgam	1	
AN0097-C	CMgam	1	
AN0098-C	CMgam	1	
AN0099-C	CMgam	2	
AN0100-C	CMgam	2	
AN0101-C	CMgam	2	
AN0102-C	CMgam	2	
AN0103-C	CMgam	2	
AN0104-C	CMgam	2	
AN0105-C	CMgam	2	
AN0106-C	CMgam	2	
AN0107-C	CMgam	2	
AN0108-C	CMgam	2	
AN0109-C	CMgam	2	
AN0111-C	CMgam	1	
AN0112-C	CMgam	2	
AN0113-C	CMgam	2	
AN0114-C	CMgam	2	
AN0115-C	CMgam	2	
AN0117-C	CMgam	2	
AN0118-C	CMgam	2	
AN0119-C	CMgam	2	
AN0120-C	CMgam	2	
AN0121-C	CMgam	2	
AN0122-C	CMgam	2	
AN0123-C	CMgam	2	
AN0124-C	CMgam	2	
AN0125-C	CMgam	2	
AN0126-C	CMgam	2	
AN0127-C	CMgam	2	
AN0128-C	CMgam	2	
AN0129-C	CMgam	2	
AN0130-C	CMgam	2	
AN0131-C	CMgam	2	
AN0132-C	CMgam	2	
AN0134-C	CMgam	1	
AN0135-C	CMgam	2	
AN0136-C	CMgam	1	
AN0137-C	CMgam	2	
AN0138-C	CMgam	2	
AN0139-C	CMgam	2	
AN0140-C	CMgam	2	
AN0141-C	CMgam	1	
AN0142-C	CMgam	2	
AN0143-C	CMgam	2	
AN0144-C	CMgam	2	
AN0147-C	CMgam	1	
AN0149-C	CMgam	2	
AN0151-C	CMgam	2	
AN0152-C	CMgam	2	
AN0153-C	CMgam	2	
AN0154-C	CMgam	2	
AN0155-C	CMgam	1	
AN0156-C	CMgam	2	
AN0157-C	CMgam	2	
AN0158-C	CMgam	2	
AN0159-C	CMgam	2	
AN0160-C	CMgam	2	
AN0162-C	CMgam	2	
AN0163-C	CMgam	2	
AN0164-C	CMgam	2	
AN0165-C	CMgam	2	
AN0166-C	CMgam	2	
AN0167-C	CMgam	2	
AN0168-C	CMgam	2	
AN0169-C	CMgam	2	
AN0170-C	CMgam	2	
AN0171-C	CMgam	2	
AN0172-C	CMgam	2	
AN0173-C	CMgam	2	
AN0174-C	CMgam	2	
AN0175-C	CMgam	2	
AN0176-C	CMgam	2	
AN0177-C	CMgam	2	
AN0178-C	CMgam	2	
AN0179-C	CMgam	2	
AN0180-C	CMgam	2	
AN0181-C	CMgam	2	
AN0182-C	CMgam	2	
AN0183-C	CMgam	2	
AN0184-C	CMgam	1	
AN0185-C	CMgam	2	
AN0186-C	CMgam	2	
AN0187-C	CMgam	2	
AN0188-C	CMgam	2	
AN0189-C	CMgam	2	
AN0190-C	CMgam	2	
AN0191-C	CMgam	2	
AN0192-C	CMgam	2	
AN0193-C	CMgam	2	
AN0194-C	CMgam	2	
AN0196-C	CMgam	2	
AN0197-C	CMgam	2	
AN0198-C	CMgam	2	
AN0199-C	CMgam	2	
AN0200-C	CMgam	2	
AN0201-C	CMgam	1	
AN0202-C	CMgam	2	
AN0203-C	CMgam	2	
AN0204-C	CMgam	2	
AN0205-C	CMgam	2	
AN0206-C	CMgam	1	
AN0207-C	CMgam	2	
AN0208-C	CMgam	1	
AN0209-C	CMgam	2	
AN0210-C	CMgam	2	
AN0212-C	CMgam	2	
AN0213-C	CMgam	2	
AN0214-C	CMgam	2	
AN0215-C	CMgam	1	
AN0217-C	CMgam	2	
AN0218-C	CMgam	2	
AN0219-C	CMgam	2	
AN0220-C	CMgam	2	
AN0221-C	CMgam	2	
AN0222-C	CMgam	2	
AN0223-C	CMgam	2	
AN0224-C	CMgam	2	
AN0225-C	CMgam	2	
AN0226-C	CMgam	2	
AN0227-C	CMgam	2	
AN0228-C	CMgam	1	
AN0229-C	CMgam	2	
AN0230-C	CMgam	1	
AN0231-C	CMgam	1	
AN0232-C	CMgam	2	
AN0233-C	CMgam	2	
AN0234-C	CMgam	2	
AN0235-C	CMgam	2	
AN0236-C	CMgam	1	
AN0237-C	CMgam	2	
AN0238-C	CMgam	2	
AN0239-C	CMgam	2	
AN0240-C	CMgam	2	
AN0241-C	CMgam	2	
AN0242-C	CMgam	2	
AN0243-C	CMgam	1	
AN0244-C	CMgam	2	
AN0245-C	CMgam	2	
AN0246-C	CMgam	2	
AN0247-C	CMgam	2	
AN0248-C	CMgam	2	
AN0250-C	CMgam	2	
AN0251-C	CMgam	2	
AN0252-C	CMgam	2	
AN0253-C	CMgam	2	
AN0254-C	CMgam	2	
AN0255-C	CMgam	2	
AN0256-C	CMgam	2	
AN0258-C	CMgam	1	
AN0259-C	CMgam	2	
AN0260-C	CMgam	2	
AN0261-C	CMgam	0	
AN0262-C	CMgam	2	
AN0263-C	CMgam	1	
AN0264-C	CMgam	2	
AN0265-C	CMgam	2	
AN0266-C	CMgam	2	
AN0267-C	CMgam	2	
AN0268-C	CMgam	2	
AN0269-C	CMgam	2	
AN0270-C	CMgam	2	
AN0271-C	CMgam	2	
AN0272-C	CMgam	2	
AN0275-C	CMgam	2	
AN0276-C	CMgam	2	
AN0277-C	CMgam	2	
AN0278-C	CMgam	2	
AN0279-C	CMgam	2	
AN0280-C	CMgam	2	
AN0281-C	CMgam	2	
AN0282-C	CMgam	2	
AN0283-C	CMgam	2	
AN0284-C	CMgam	2	
AN0285-C	CMgam	2	
AN0286-C	CMgam	2	
AN0287-C	CMgam	2	
AN0288-C	CMgam	2	
AN0289-C	CMgam	2	
AN0290-C	CMgam	2	
AN0291-C	CMgam	1	
AN0292-C	CMgam	2	
AN0293-C	CMgam	2	
AN0294-C	CMgam	2	
AN0295-C	CMgam	2	
AN0296-C	CMgam	2	
AN0297-C	CMgam	2	
AN0298-C	CMgam	2	
AN0299-C	CMgam	2	
AN0300-C	CMgam	2	
AN0301-C	CMgam	2	
AN0302-C	CMgam	1	
AN0303-C	CMgam	2	
AN0304-C	CMgam	1	
AN0305-C	CMgam	2	
AN0306-C	CMgam	2	
AN0307-C	CMgam	2	
AN0308-C	CMgam	2	
AN0309-C	CMgam	2	
AN0310-C	CMgam	2	
AN0311-C	CMgam	1	
AN0312-C	CMgam	2	
AN0313-C	CMgam	1	
AN0314-C	CMgam	2	
AN0315-C	CMgam	1	
AN0316-C	CMgam	2	
AN0317-C	CMgam	2	
AN0318-C	CMgam	2	
AN0319-C	CMgam	2	
AN0320-C	CMgam	2	
AN0321-C	CMgam	1	
AP0002-C	FRgam	2	
AP0005-C	FRgam	2	
AP0006-C	FRgam	2	
AP0007-C	FRgam	2	
AP0008-C	FRgam	2	
AP0009-C	FRgam	2	
AP0010-C	FRgam	2	
AP0011-C	FRgam	2	
AP0014-C	FRgam	2	
AP0017-C	FRgam	2	
AP0018-C	FRgam	2	
AP0019-C	FRgam	1	
AP0020-C	FRgam	1	
AP0021-C	FRgam	2	
AP0022-C	FRgam	1	
AP0023-C	FRgam	1	
AP0024-C	FRgam	1	
AP0025-C	FRgam	2	
AP0030-C	FRgam	2	
AP0031-C	FRgam	2	
AP0032-C	FRgam	2	
AP0033-C	FRgam	2	
AP0034-C	FRgam	0	
AP0035-C	FRgam	1	
AQ0001-C	GQgam	2	
AQ0002-C	GQgam	2	
AQ0004-C	GQgam	2	
AQ0005-C	GQgam	2	
AQ0011-C	GQgam	2	
AQ0012-C	GQgam	2	
AQ0013-C	GQgam	2	
AQ0014-C	GQgam	2	
AQ0015-C	GQgam	2	
AR0001-C	AOcol	2	
AR0007-C	AOcol	2	
AR0008-C	AOcol	2	
AR0009-C	AOcol	2	
AR0010-C	AOcol	2	
AR0011-C	AOcol	2	
AR0012-C	AOcol	2	
AR0013-C	AOcol	2	
AR0014-C	AOcol	2	
AR0015-C	AOcol	2	
AR0016-C	AOcol	2	
AR0017-C	AOcol	2	
AR0018-C	AOcol	2	
AR0019-C	AOcol	2	
AR0020-C	AOcol	2	
AR0021-C	AOcol	2	
AR0022-C	AOcol	2	
AR0023-C	AOcol	2	
AR0024-C	AOcol	2	
AR0026-C	AOcol	2	
AR0027-C	AOcol	2	
AR0034-C	AOcol	2	
AR0035-C	AOcol	2	
AR0036-C	AOcol	2	
AR0038-C	AOcol	2	
AR0040-C	AOcol	2	
AR0042-C	AOcol	2	
AR0043-C	AOcol	2	
AR0044-C	AOcol	2	
AR0045-C	AOcol	2	
AR0046-C	AOcol	2	
AR0047-C	AOcol	2	
AR0048-C	AOcol	2	
AR0049-C	AOcol	2	
AR0050-C	AOcol	2	
AR0051-C	AOcol	2	
AR0052-C	AOcol	2	
AR0053-C	AOcol	2	
AR0054-C	AOcol	2	
AR0057-C	AOcol	2	
AR0059-C	AOcol	2	
AR0060-C	AOcol	2	
AR0061-C	AOcol	2	
AR0062-C	AOcol	2	
AR0063-C	AOcol	2	
AR0064-C	AOcol	2	
AR0065-C	AOcol	2	
AR0066-C	AOcol	2	
AR0069-C	AOcol	2	
AR0070-C	AOcol	2	
AR0071-C	AOcol	2	
AR0072-C	AOcol	2	
AR0073-C	AOcol	2	
AR0074-C	AOcol	2	
AR0075-C	AOcol	2	
AR0076-C	AOcol	2	
AR0077-C	AOcol	2	
AR0078-C	AOcol	2	
AR0079-C	AOcol	2	
AR0080-C	AOcol	2	
AR0081-C	AOcol	2	
AR0082-C	AOcol	2	
AR0083-C	AOcol	2	
AR0084-C	AOcol	2	
AR0085-C	AOcol	2	
AR0086-C	AOcol	2	
AR0087-C	AOcol	2	
AR0088-C	AOcol	2	
AR0089-C	AOcol	2	
AR0090-C	AOcol	2	
AR0092-C	AOcol	2	
AR0093-C	AOcol	2	
AR0095-C	AOcol	2	
AR0096-C	AOcol	2	
AR0097-C	AOcol	2	
AR0098-C	AOcol	2	
AR0099-C	AOcol	2	
AR0100-C	AOcol	2	
AS0001-C	GAgam	2	
AS0002-C	GAgam	2	
AS0003-C	GAgam	2	
AS0004-C	GAgam	2	
AS0005-C	GAgam	2	
AS0006-C	GAgam	2	
AS0007-C	GAgam	2	
AS0008-C	GAgam	2	
AS0009-C	GAgam	2	
AS0010-C	GAgam	2	
AS0011-C	GAgam	2	
AS0012-C	GAgam	2	
AS0013-C	GAgam	2	
AS0014-C	GAgam	2	
AS0015-C	GAgam	2	
AS0016-C	GAgam	2	
AS0017-C	GAgam	2	
AS0018-C	GAgam	2	
AS0019-C	GAgam	2	
AS0020-C	GAgam	2	
AS0021-C	GAgam	2	
AS0022-C	GAgam	2	
AS0024-C	GAgam	2	
AS0025-C	GAgam	2	
AS0026-C	GAgam	2	
AS0027-C	GAgam	2	
AS0028-C	GAgam	1	
AS0029-C	GAgam	2	
AS0030-C	GAgam	2	
AS0032-C	GAgam	2	
AS0033-C	GAgam	2	
AS0034-C	GAgam	2	
AS0035-C	GAgam	2	
AS0036-C	GAgam	2	
AS0037-C	GAgam	2	
AS0039-C	GAgam	2	
AS0040-C	GAgam	2	
AS0041-C	GAgam	2	
AS0042-C	GAgam	2	
AS0044-C	GAgam	2	
AS0045-C	GAgam	2	
AS0046-C	GAgam	2	
AS0047-C	GAgam	2	
AS0048-C	GAgam	2	
AS0049-C	GAgam	2	
AS0051-C	GAgam	1	
AS0052-C	GAgam	2	
AS0053-C	GAgam	2	
AS0054-C	GAgam	2	
AS0055-C	GAgam	2	
AS0056-C	GAgam	2	
AS0057-C	GAgam	2	
AS0058-C	GAgam	2	
AS0059-C	GAgam	2	
AS0060-C	GAgam	1	
AS0062-C	GAgam	2	
AS0064-C	GAgam	2	
AS0065-C	GAgam	2	
AS0066-C	GAgam	2	
AS0068-C	GAgam	2	
AS0069-C	GAgam	2	
AS0070-C	GAgam	2	
AS0071-C	GAgam	2	
AS0072-C	GAgam	2	
AS0073-C	GAgam	2	
AS0074-C	GAgam	2	
AS0076-C	GAgam	2	
AS0077-C	GAgam	2	
AS0078-C	GAgam	2	
AV0001-C	GNgam	1	
AV0002-C	GNgam	2	
AV0003-C	GNgam	2	
AV0004-C	GNgam	2	
AV0005-C	GNgam	2	
AV0006-C	GNgam	2	
AV0007-C	GNgam	1	
AV0008-C	GNgam	2	
AV0009-C	GNgam	2	
AV0010-C	GNgam	2	
AV0011-C	GNgam	2	
AV0012-C	GNgam	2	
AV0013-C	GNgam	2	
AV0014-C	GNgam	2	
AV0015-C	GNgam	2	
AV0017-C	GNgam	1	
AV0018-C	GNgam	2	
AV0020-C	GNgam	2	
AV0021-C	GNgam	2	
AV0022-C	GNgam	2	
AV0024-C	GNgam	2	
AV0025-C	GNgam	1	
AV0026-C	GNgam	2	
AV0027-C	GNgam	2	
AV0028-C	GNgam	2	
AV0029-C	GNgam	2	
AV0030-C	GNgam	2	
AV0031-C	GNgam	1	
AV0032-C	GNgam	2	
AV0033-C	GNgam	2	
AV0034-C	GNgam	1	
AV0035-C	GNgam	2	
AV0036-C	GNgam	2	
AV0037-C	GNgam	2	
AV0038-C	GNcol	2	
AV0039-C	GNgam	2	
AV0040-C	GNcol	2	
AV0041-C	GNgam	2	
AV0042-C	GNcol	2	
AV0043-C	GNgam	2	
AV0044-C	GNgam	2	
AV0045-C	GNgam	2	
AV0046-C	GNcol	2	
AV0047-C	GNgam	2	
AY0006-C	CIcol	1	dead
AY0007-C	CIcol	2	dead
AY0010-C	CIcol	1	dead
AY0011-C	CIcol	2	dead
AY0012-C	CIcol	1	dead
AY0013-C	CIcol	1	alive
AY0015-C	CIcol	1	alive
AY0016-C	CIcol	2	alive
AY0017-C	CIcol	2	dead
AY0018-C	CIcol	1	dead
AY0019-C	CIcol	1	dead
AY0020-C	CIcol	2	dead
AY0021-C	CIcol	1	dead
AY0023-C	CIcol	1	dead
AY0024-C	CIcol	2	alive
AY0025-C	CIcol	2	alive
AY0026-C	CIcol	1	alive
AY0027-C	CIcol	2	alive
AY0029-C	CIcol	1	dead
AY0031-C	CIcol	1	dead
AY0032-C	CIcol	1	dead
AY0033-C	CIcol	1	dead
AY0034-C	CIcol	1	dead
AY0035-C	CIcol	1	alive
AY0036-C	CIcol	1	alive
AY0038-C	CIcol	1	alive
AY0039-C	CIcol	2	dead
AY0040-C	CIcol	1	dead
AY0041-C	CIcol	0	dead
AY0042-C	CIcol	2	dead
AY0043-C	CIcol	1	dead
AY0045-C	CIcol	1	alive
AY0046-C	CIcol	2	alive
AY0047-C	CIcol	2	alive
AY0048-C	CIcol	1	alive
AY0049-C	CIcol	1	alive
AY0050-C	CIcol	2	dead
AY0052-C	CIcol	2	dead
AY0053-C	CIcol	1	dead
AY0054-C	CIcol	2	dead
AY0055-C	CIcol	2	dead
AY0056-C	CIcol	1	alive
AY0057-C	CIcol	1	alive
AY0058-C	CIcol	2	alive
AY0059-C	CIcol	1	alive
AY0060-C	CIcol	2	alive
AY0061-C	CIcol	2	dead
AY0062-C	CIcol	2	dead
AY0063-C	CIcol	1	dead
AY0064-C	CIcol	2	dead
AY0065-C	CIcol	1	dead
AY0066-C	CIcol	2	dead
AY0067-C	CIcol	2	alive
AY0068-C	CIcol	1	alive
AY0069-C	CIcol	2	alive
AY0070-C	CIcol	1	alive
AY0072-C	CIcol	2	dead
AY0074-C	CIcol	1	dead
AY0076-C	CIcol	2	dead
AY0077-C	CIcol	2	dead
AY0078-C	CIcol	1	alive
AY0079-C	CIcol	2	alive
AY0080-C	CIcol	2	alive
AY0082-C	CIcol	1	alive
AY0083-C	CIcol	1	dead
AY0085-C	CIcol	0	dead
AY0087-C	CIcol	1	dead
AY0088-C	CIcol	2	dead
AY0089-C	CIcol	1	alive
AY0090-C	CIcol	1	alive
AY0091-C	CIcol	2	alive
