hap_cluster	pop	hap_id	hap_distinct	allele
0	GHcol	AA0040-C a	0	0
0	GHcol	AA0040-C b	0	0
0	GHcol	AA0041-C a	0	0
0	GHcol	AA0041-C b	0	0
0	GHcol	AA0042-C a	1	0
0	GHcol	AA0042-C b	2	0
0	GHcol	AA0043-C a	0	0
0	GHcol	AA0043-C b	3	0
0	GHcol	AA0044-C a	2	0
0	GHcol	AA0044-C b	0	0
0	GHgam	AA0048-C a	4	1
0	GHgam	AA0048-C b	4	1
0	GHcol	AA0049-C a	0	0
0	GHcol	AA0049-C b	4	1
0	GHgam	AA0050-C a	4	1
0	GHgam	AA0050-C b	4	1
0	GHcol	AA0051-C a	0	0
0	GHcol	AA0051-C b	0	0
0	GHcol	AA0052-C a	0	0
0	GHcol	AA0052-C b	2	0
0	GHcol	AA0053-C a	0	0
0	GHcol	AA0053-C b	2	0
0	GHcol	AA0054-C a	2	0
0	GHcol	AA0054-C b	0	0
0	GHcol	AA0055-C a	0	0
0	GHcol	AA0055-C b	2	0
0	GHcol	AA0056-C a	2	0
0	GHcol	AA0056-C b	0	0
0	GHgam	AA0060-C a	4	1
0	GHgam	AA0060-C b	4	1
0	GHgam	AA0061-C a	4	1
0	GHgam	AA0061-C b	4	1
0	GHcol	AA0063-C a	2	0
0	GHcol	AA0063-C b	0	0
0	GHcol	AA0064-C a	0	0
0	GHcol	AA0064-C b	5	0
0	GHcol	AA0066-C a	0	0
0	GHcol	AA0066-C b	0	0
0	GHcol	AA0067-C a	0	0
0	GHcol	AA0067-C b	2	0
0	GHcol	AA0068-C a	0	0
0	GHcol	AA0068-C b	6	0
0	GHgam	AA0072-C a	7	0
0	GHgam	AA0072-C b	4	1
0	GHcol	AA0073-C a	4	1
0	GHcol	AA0073-C b	2	0
0	GHcol	AA0074-C a	0	0
0	GHcol	AA0074-C b	2	0
0	GHcol	AA0075-C a	2	0
0	GHcol	AA0075-C b	2	0
0	GHcol	AA0076-C a	2	0
0	GHcol	AA0076-C b	2	0
0	GHcol	AA0077-C a	3	0
0	GHcol	AA0077-C b	0	0
0	GHcol	AA0080-C a	0	0
0	GHcol	AA0080-C b	0	0
0	GHgam	AA0084-C a	4	1
0	GHgam	AA0084-C b	4	1
0	GHgam	AA0085-C a	2	0
0	GHgam	AA0085-C b	4	1
0	GHgam	AA0086-C a	0	0
0	GHgam	AA0086-C b	2	0
0	GHcol	AA0087-C a	0	0
0	GHcol	AA0087-C b	6	0
0	GHcol	AA0088-C a	0	0
0	GHcol	AA0088-C b	0	0
0	GHcol	AA0089-C a	2	0
0	GHcol	AA0089-C b	0	0
0	GHcol	AA0090-C a	0	0
0	GHcol	AA0090-C b	2	0
0	GHcol	AA0091-C a	2	0
1	GHcol	AA0091-C b	8	0
0	GHgam	AA0096-C a	9	0
0	GHgam	AA0096-C b	4	1
0	GHcol	AA0097-C a	2	0
0	GHcol	AA0097-C b	4	1
0	GHcol	AA0098-C a	2	0
0	GHcol	AA0098-C b	4	1
0	GHcol	AA0099-C a	10	0
0	GHcol	AA0099-C b	0	0
0	GHcol	AA0100-C a	2	0
0	GHcol	AA0100-C b	2	0
0	GHcol	AA0101-C a	0	0
0	GHcol	AA0101-C b	2	0
0	GHcol	AA0102-C a	11	0
0	GHcol	AA0102-C b	0	0
0	GHcol	AA0103-C a	2	0
0	GHcol	AA0103-C b	2	0
0	GHcol	AA0104-C a	0	0
0	GHcol	AA0104-C b	0	0
0	GHcol	AA0107-C a	2	0
0	GHcol	AA0107-C b	2	0
0	GHgam	AA0108-C a	4	1
0	GHgam	AA0108-C b	4	1
0	GHcol	AA0109-C a	0	0
0	GHcol	AA0109-C b	0	0
0	GHcol	AA0110-C a	0	0
0	GHcol	AA0110-C b	0	0
0	GHcol	AA0111-C a	0	0
0	GHcol	AA0111-C b	0	0
0	GHcol	AA0113-C a	2	0
0	GHcol	AA0113-C b	0	0
0	GHcol	AA0114-C a	0	0
0	GHcol	AA0114-C b	0	0
0	GHcol	AA0115-C a	0	0
0	GHcol	AA0115-C b	0	0
0	GHcol	AA0116-C a	2	0
0	GHcol	AA0116-C b	0	0
0	GHgam	AA0122-C a	12	0
0	GHgam	AA0122-C b	0	0
0	GHcol	AA0123-C a	0	0
0	GHcol	AA0123-C b	0	0
0	GHcol	AA0124-C a	0	0
0	GHcol	AA0124-C b	0	0
0	GHcol	AA0125-C a	0	0
0	GHcol	AA0125-C b	0	0
0	GHcol	AA0127-C a	2	0
0	GHcol	AA0127-C b	2	0
0	GHcol	AA0132-C a	0	0
0	GHcol	AA0132-C b	4	1
0	GHgam	AA0133-C a	2	0
0	GHgam	AA0133-C b	4	1
0	GHcol	AA0134-C a	2	0
0	GHcol	AA0134-C b	0	0
0	GHcol	AA0135-C a	0	0
0	GHcol	AA0135-C b	0	0
0	GHcol	AA0136-C a	0	0
0	GHcol	AA0136-C b	0	0
0	GHcol	AA0139-C a	0	0
0	GHcol	AA0139-C b	2	0
0	GHcol	AA0140-C a	4	1
0	GHcol	AA0140-C b	2	0
0	GHcol	AA0141-C a	2	0
0	GHcol	AA0141-C b	4	1
0	BFgam	AB0085-C a	2	0
0	BFgam	AB0085-C b	0	0
0	BFcol	AB0087-C a	2	0
0	BFcol	AB0087-C b	0	0
0	BFcol	AB0088-C a	0	0
0	BFcol	AB0088-C b	0	0
0	BFcol	AB0089-C a	2	0
0	BFcol	AB0089-C b	2	0
0	BFcol	AB0090-C a	0	0
0	BFcol	AB0090-C b	2	0
0	BFcol	AB0091-C a	13	0
0	BFcol	AB0091-C b	2	0
0	BFcol	AB0092-C a	14	0
0	BFcol	AB0092-C b	2	0
0	BFcol	AB0094-C a	15	0
0	BFcol	AB0094-C b	0	0
0	BFcol	AB0095-C a	0	0
0	BFcol	AB0095-C b	2	0
0	BFcol	AB0097-C a	2	0
0	BFcol	AB0097-C b	0	0
0	BFcol	AB0098-C a	0	0
0	BFcol	AB0098-C b	0	0
0	BFcol	AB0099-C a	0	0
0	BFcol	AB0099-C b	0	0
0	BFcol	AB0100-C a	0	0
0	BFcol	AB0100-C b	0	0
0	BFcol	AB0101-C a	16	0
0	BFcol	AB0101-C b	4	1
0	BFgam	AB0103-C a	17	0
0	BFgam	AB0103-C b	18	0
0	BFgam	AB0104-C a	0	0
0	BFgam	AB0104-C b	2	0
0	BFgam	AB0108-C a	2	0
0	BFgam	AB0108-C b	0	0
0	BFcol	AB0109-C a	9	0
0	BFcol	AB0109-C b	2	0
0	BFcol	AB0110-C a	19	0
0	BFcol	AB0110-C b	0	0
0	BFcol	AB0111-C a	2	0
0	BFcol	AB0111-C b	0	0
0	BFcol	AB0112-C a	0	0
0	BFcol	AB0112-C b	0	0
0	BFcol	AB0113-C a	4	1
0	BFcol	AB0113-C b	2	0
0	BFcol	AB0114-C a	2	0
0	BFcol	AB0114-C b	2	0
0	BFcol	AB0115-C a	2	0
0	BFcol	AB0115-C b	20	0
0	BFgam	AB0117-C a	0	0
0	BFgam	AB0117-C b	4	1
0	BFgam	AB0118-C a	0	0
0	BFgam	AB0118-C b	2	0
0	BFgam	AB0119-C a	4	1
0	BFgam	AB0119-C b	2	0
0	BFcol	AB0122-C a	2	0
0	BFcol	AB0122-C b	0	0
0	BFcol	AB0123-C a	0	0
0	BFcol	AB0123-C b	0	0
0	BFcol	AB0124-C a	0	0
0	BFcol	AB0124-C b	21	0
0	BFgam	AB0126-C a	2	0
0	BFgam	AB0126-C b	2	0
0	BFgam	AB0127-C a	2	0
0	BFgam	AB0127-C b	0	0
0	BFgam	AB0128-C a	0	0
0	BFgam	AB0128-C b	0	0
0	BFgam	AB0129-C a	0	0
0	BFgam	AB0129-C b	2	0
0	BFgam	AB0130-C a	0	0
0	BFgam	AB0130-C b	22	0
0	BFgam	AB0133-C a	4	1
0	BFgam	AB0133-C b	2	0
0	BFgam	AB0134-C a	4	1
0	BFgam	AB0134-C b	2	0
0	BFgam	AB0135-C a	2	0
0	BFgam	AB0135-C b	4	1
0	BFgam	AB0136-C a	0	0
0	BFgam	AB0136-C b	4	1
0	BFcol	AB0137-C a	0	0
0	BFcol	AB0137-C b	2	0
0	BFcol	AB0138-C a	0	0
0	BFcol	AB0138-C b	2	0
0	BFcol	AB0139-C a	0	0
0	BFcol	AB0139-C b	0	0
0	BFcol	AB0140-C a	0	0
0	BFcol	AB0140-C b	0	0
0	BFcol	AB0142-C a	2	0
0	BFcol	AB0142-C b	2	0
0	BFgam	AB0143-C a	4	1
0	BFgam	AB0143-C b	0	0
0	BFgam	AB0145-C a	2	0
0	BFgam	AB0145-C b	4	1
0	BFgam	AB0146-C a	4	1
0	BFgam	AB0146-C b	2	0
0	BFgam	AB0147-C a	23	0
0	BFgam	AB0147-C b	2	0
0	BFgam	AB0148-C a	0	0
0	BFgam	AB0148-C b	2	0
0	BFgam	AB0150-C a	4	1
0	BFgam	AB0150-C b	2	0
0	BFgam	AB0151-C a	2	0
0	BFgam	AB0151-C b	0	0
0	BFgam	AB0153-C a	24	1
0	BFgam	AB0153-C b	25	0
0	BFgam	AB0155-C a	0	0
0	BFgam	AB0155-C b	26	0
0	BFgam	AB0157-C a	2	0
0	BFgam	AB0157-C b	4	1
0	BFgam	AB0158-C a	2	0
0	BFgam	AB0158-C b	4	1
0	BFgam	AB0159-C a	4	1
0	BFgam	AB0159-C b	0	0
0	BFgam	AB0160-C a	4	1
0	BFgam	AB0160-C b	27	0
0	BFgam	AB0161-C a	0	0
0	BFgam	AB0161-C b	2	0
0	BFgam	AB0162-C a	0	0
0	BFgam	AB0162-C b	2	0
0	BFgam	AB0164-C a	28	0
0	BFgam	AB0164-C b	29	0
0	BFgam	AB0165-C a	30	0
0	BFgam	AB0165-C b	0	0
0	BFgam	AB0166-C a	2	0
0	BFgam	AB0166-C b	30	0
0	BFgam	AB0167-C a	0	0
0	BFgam	AB0167-C b	2	0
0	BFgam	AB0169-C a	17	0
0	BFgam	AB0169-C b	0	0
0	BFgam	AB0170-C a	0	0
0	BFgam	AB0170-C b	4	1
0	BFgam	AB0171-C a	0	0
0	BFgam	AB0171-C b	2	0
0	BFgam	AB0172-C a	2	0
0	BFgam	AB0172-C b	2	0
0	BFgam	AB0173-C a	2	0
0	BFgam	AB0173-C b	2	0
0	BFgam	AB0174-C a	0	0
0	BFgam	AB0174-C b	2	0
0	BFgam	AB0175-C a	0	0
0	BFgam	AB0175-C b	0	0
0	BFgam	AB0176-C a	31	0
0	BFgam	AB0176-C b	0	0
0	BFgam	AB0177-C a	2	0
0	BFgam	AB0177-C b	2	0
0	BFgam	AB0178-C a	2	0
0	BFgam	AB0178-C b	2	0
0	BFgam	AB0179-C a	0	0
0	BFgam	AB0179-C b	2	0
0	BFcol	AB0181-C a	0	0
0	BFcol	AB0181-C b	2	0
0	BFcol	AB0182-C a	0	0
0	BFcol	AB0182-C b	20	0
1	BFcol	AB0183-C a	8	0
0	BFcol	AB0183-C b	32	0
0	BFcol	AB0184-C a	0	0
0	BFcol	AB0184-C b	0	0
0	BFcol	AB0185-C a	33	0
0	BFcol	AB0185-C b	0	0
0	BFcol	AB0186-C a	0	0
0	BFcol	AB0186-C b	0	0
0	BFcol	AB0187-C a	0	0
0	BFcol	AB0187-C b	2	0
0	BFcol	AB0188-C a	2	0
0	BFcol	AB0188-C b	34	0
0	BFcol	AB0189-C a	2	0
0	BFcol	AB0189-C b	0	0
0	BFcol	AB0190-C a	2	0
0	BFcol	AB0190-C b	35	0
0	BFcol	AB0191-C a	2	0
0	BFcol	AB0191-C b	20	0
0	BFcol	AB0192-C a	0	0
0	BFcol	AB0192-C b	0	0
0	BFcol	AB0195-C a	0	0
2	BFcol	AB0195-C b	36	0
0	BFcol	AB0196-C a	0	0
0	BFcol	AB0196-C b	37	0
0	BFgam	AB0197-C a	2	0
0	BFgam	AB0197-C b	4	1
0	BFgam	AB0198-C a	4	1
0	BFgam	AB0198-C b	38	0
0	BFgam	AB0199-C a	0	0
0	BFgam	AB0199-C b	0	0
0	BFgam	AB0200-C a	32	0
0	BFgam	AB0200-C b	39	0
0	BFgam	AB0201-C a	0	0
0	BFgam	AB0201-C b	0	0
0	BFgam	AB0202-C a	0	0
0	BFgam	AB0202-C b	2	0
0	BFgam	AB0203-C a	0	0
0	BFgam	AB0203-C b	40	0
0	BFcol	AB0204-C a	2	0
0	BFcol	AB0204-C b	0	0
0	BFgam	AB0205-C a	23	0
0	BFgam	AB0205-C b	2	0
0	BFgam	AB0206-C a	41	0
0	BFgam	AB0206-C b	42	0
0	BFgam	AB0207-C a	30	0
0	BFgam	AB0207-C b	0	0
0	BFgam	AB0208-C a	4	1
0	BFgam	AB0208-C b	2	0
0	BFcol	AB0209-C a	0	0
0	BFcol	AB0209-C b	2	0
0	BFcol	AB0210-C a	0	0
3	BFcol	AB0210-C b	43	0
0	BFgam	AB0211-C a	4	1
0	BFgam	AB0211-C b	0	0
0	BFcol	AB0212-C a	2	0
0	BFcol	AB0212-C b	0	0
0	BFcol	AB0213-C a	44	0
0	BFcol	AB0213-C b	2	0
0	BFcol	AB0215-C a	0	0
0	BFcol	AB0215-C b	0	0
0	BFgam	AB0217-C a	4	1
0	BFgam	AB0217-C b	2	0
0	BFgam	AB0218-C a	2	0
0	BFgam	AB0218-C b	0	0
0	BFcol	AB0219-C a	2	0
0	BFcol	AB0219-C b	0	0
0	BFcol	AB0221-C a	0	0
0	BFcol	AB0221-C b	0	0
0	BFcol	AB0222-C a	2	0
0	BFcol	AB0222-C b	2	0
0	BFcol	AB0223-C a	0	0
0	BFcol	AB0223-C b	0	0
0	BFcol	AB0224-C a	2	0
0	BFcol	AB0224-C b	1	0
0	BFcol	AB0226-C a	0	0
0	BFcol	AB0226-C b	2	0
0	BFcol	AB0227-C a	2	0
0	BFcol	AB0227-C b	2	0
0	BFgam	AB0228-C a	0	0
0	BFgam	AB0228-C b	4	1
0	BFcol	AB0229-C a	2	0
0	BFcol	AB0229-C b	0	0
0	BFgam	AB0231-C a	0	0
0	BFgam	AB0231-C b	0	0
0	BFgam	AB0232-C a	0	0
0	BFgam	AB0232-C b	2	0
0	BFgam	AB0233-C a	0	0
0	BFgam	AB0233-C b	0	0
0	BFcol	AB0234-C a	15	0
0	BFcol	AB0234-C b	2	0
0	BFgam	AB0235-C a	4	1
0	BFgam	AB0235-C b	0	0
0	BFgam	AB0236-C a	0	0
0	BFgam	AB0236-C b	9	0
0	BFcol	AB0237-C a	3	0
0	BFcol	AB0237-C b	16	0
0	BFgam	AB0238-C a	2	0
0	BFgam	AB0238-C b	4	1
0	BFgam	AB0239-C a	45	1
0	BFgam	AB0239-C b	0	0
0	BFcol	AB0240-C a	20	0
0	BFcol	AB0240-C b	2	0
0	BFgam	AB0241-C a	2	0
0	BFgam	AB0241-C b	4	1
0	BFcol	AB0242-C a	20	0
0	BFcol	AB0242-C b	0	0
0	BFcol	AB0243-C a	0	0
0	BFcol	AB0243-C b	2	0
0	BFgam	AB0244-C a	2	0
0	BFgam	AB0244-C b	2	0
0	BFcol	AB0246-C a	0	0
0	BFcol	AB0246-C b	2	0
0	BFcol	AB0247-C a	2	0
0	BFcol	AB0247-C b	0	0
0	BFcol	AB0248-C a	0	0
0	BFcol	AB0248-C b	2	0
0	BFcol	AB0249-C a	0	0
0	BFcol	AB0249-C b	0	0
0	BFcol	AB0250-C a	0	0
0	BFcol	AB0250-C b	0	0
0	BFgam	AB0251-C a	0	0
0	BFgam	AB0251-C b	0	0
0	BFgam	AB0252-C a	0	0
0	BFgam	AB0252-C b	0	0
0	BFgam	AB0253-C a	46	1
0	BFgam	AB0253-C b	0	0
0	BFgam	AB0255-C a	0	0
0	BFgam	AB0255-C b	47	0
0	BFgam	AB0256-C a	0	0
0	BFgam	AB0256-C b	0	0
0	BFcol	AB0257-C a	2	0
0	BFcol	AB0257-C b	0	0
0	BFcol	AB0258-C a	2	0
0	BFcol	AB0258-C b	2	0
0	BFgam	AB0260-C a	0	0
0	BFgam	AB0260-C b	27	0
0	BFgam	AB0261-C a	2	0
0	BFgam	AB0261-C b	48	0
0	BFcol	AB0262-C a	2	0
0	BFcol	AB0262-C b	2	0
0	BFcol	AB0263-C a	0	0
0	BFcol	AB0263-C b	0	0
0	BFgam	AB0264-C a	2	0
0	BFgam	AB0264-C b	2	0
0	BFgam	AB0265-C a	2	0
0	BFgam	AB0265-C b	2	0
0	BFcol	AB0266-C a	2	0
0	BFcol	AB0266-C b	0	0
0	BFcol	AB0267-C a	2	0
0	BFcol	AB0267-C b	0	0
0	BFgam	AB0268-C a	0	0
0	BFgam	AB0268-C b	0	0
0	BFgam	AB0270-C a	0	0
0	BFgam	AB0270-C b	49	0
0	BFgam	AB0271-C a	50	0
0	BFgam	AB0271-C b	2	0
0	BFgam	AB0272-C a	2	0
0	BFgam	AB0272-C b	2	0
0	BFgam	AB0273-C a	2	0
0	BFgam	AB0273-C b	2	0
0	BFgam	AB0274-C a	0	0
0	BFgam	AB0274-C b	4	1
0	BFgam	AB0275-C a	51	0
0	BFgam	AB0275-C b	0	0
0	BFcol	AB0276-C a	0	0
0	BFcol	AB0276-C b	0	0
0	BFgam	AB0277-C a	51	0
0	BFgam	AB0277-C b	2	0
0	BFgam	AB0278-C a	17	0
0	BFgam	AB0278-C b	0	0
0	BFcol	AB0279-C a	2	0
0	BFcol	AB0279-C b	4	1
0	BFgam	AB0280-C a	4	1
0	BFgam	AB0280-C b	0	0
0	BFgam	AB0281-C a	2	0
0	BFgam	AB0281-C b	52	0
0	BFcol	AB0282-C a	2	0
0	BFcol	AB0282-C b	0	0
0	BFgam	AB0283-C a	30	0
0	BFgam	AB0283-C b	53	0
0	BFgam	AB0284-C a	4	1
0	BFgam	AB0284-C b	2	0
0	UGgam	AC0089-C a	0	0
0	UGgam	AC0089-C b	54	0
0	UGgam	AC0090-C a	2	0
0	UGgam	AC0090-C b	0	0
0	UGgam	AC0091-C a	55	0
0	UGgam	AC0091-C b	0	0
0	UGgam	AC0092-C a	17	0
0	UGgam	AC0092-C b	0	0
0	UGgam	AC0093-C a	0	0
0	UGgam	AC0093-C b	11	0
0	UGgam	AC0094-C a	0	0
0	UGgam	AC0094-C b	0	0
0	UGgam	AC0095-C a	2	0
0	UGgam	AC0095-C b	0	0
0	UGgam	AC0096-C a	56	0
0	UGgam	AC0096-C b	2	0
0	UGgam	AC0097-C a	0	0
0	UGgam	AC0097-C b	25	0
0	UGgam	AC0098-C a	2	0
0	UGgam	AC0098-C b	2	0
0	UGgam	AC0099-C a	2	0
0	UGgam	AC0099-C b	52	0
0	UGgam	AC0100-C a	0	0
0	UGgam	AC0100-C b	0	0
0	UGgam	AC0101-C a	0	0
0	UGgam	AC0101-C b	57	0
0	UGgam	AC0102-C a	0	0
0	UGgam	AC0102-C b	2	0
0	UGgam	AC0103-C a	2	0
0	UGgam	AC0103-C b	58	0
0	UGgam	AC0104-C a	2	0
0	UGgam	AC0104-C b	17	0
0	UGgam	AC0105-C a	59	0
0	UGgam	AC0105-C b	0	0
0	UGgam	AC0106-C a	0	0
0	UGgam	AC0106-C b	0	0
0	UGgam	AC0107-C a	2	0
0	UGgam	AC0107-C b	0	0
0	UGgam	AC0108-C a	29	0
0	UGgam	AC0108-C b	30	0
0	UGgam	AC0109-C a	2	0
0	UGgam	AC0109-C b	2	0
0	UGgam	AC0110-C a	60	0
0	UGgam	AC0110-C b	0	0
0	UGgam	AC0111-C a	0	0
0	UGgam	AC0111-C b	0	0
0	UGgam	AC0112-C a	0	0
0	UGgam	AC0112-C b	61	0
0	UGgam	AC0113-C a	62	0
0	UGgam	AC0113-C b	0	0
0	UGgam	AC0114-C a	0	0
0	UGgam	AC0114-C b	2	0
0	UGgam	AC0115-C a	0	0
0	UGgam	AC0115-C b	2	0
0	UGgam	AC0116-C a	0	0
0	UGgam	AC0116-C b	23	0
0	UGgam	AC0117-C a	0	0
0	UGgam	AC0117-C b	2	0
0	UGgam	AC0118-C a	0	0
0	UGgam	AC0118-C b	0	0
0	UGgam	AC0119-C a	2	0
0	UGgam	AC0119-C b	0	0
0	UGgam	AC0120-C a	0	0
0	UGgam	AC0120-C b	0	0
0	UGgam	AC0121-C a	17	0
0	UGgam	AC0121-C b	0	0
0	UGgam	AC0122-C a	59	0
0	UGgam	AC0122-C b	0	0
0	UGgam	AC0123-C a	63	0
0	UGgam	AC0123-C b	64	0
0	UGgam	AC0124-C a	0	0
0	UGgam	AC0124-C b	0	0
0	UGgam	AC0125-C a	2	0
0	UGgam	AC0125-C b	27	0
0	UGgam	AC0126-C a	0	0
0	UGgam	AC0126-C b	2	0
0	UGgam	AC0127-C a	0	0
0	UGgam	AC0127-C b	2	0
0	UGgam	AC0128-C a	48	0
0	UGgam	AC0128-C b	0	0
0	UGgam	AC0129-C a	0	0
0	UGgam	AC0129-C b	2	0
0	UGgam	AC0130-C a	0	0
0	UGgam	AC0130-C b	0	0
0	UGgam	AC0131-C a	0	0
0	UGgam	AC0131-C b	0	0
0	UGgam	AC0132-C a	18	0
0	UGgam	AC0132-C b	0	0
0	UGgam	AC0133-C a	0	0
0	UGgam	AC0133-C b	2	0
0	UGgam	AC0134-C a	2	0
0	UGgam	AC0134-C b	0	0
0	UGgam	AC0135-C a	0	0
0	UGgam	AC0135-C b	2	0
0	UGgam	AC0136-C a	65	0
0	UGgam	AC0136-C b	0	0
0	UGgam	AC0137-C a	0	0
0	UGgam	AC0137-C b	57	0
0	UGgam	AC0138-C a	25	0
0	UGgam	AC0138-C b	0	0
0	UGgam	AC0139-C a	33	0
0	UGgam	AC0139-C b	2	0
0	UGgam	AC0140-C a	0	0
4	UGgam	AC0140-C b	66	0
0	UGgam	AC0141-C a	29	0
0	UGgam	AC0141-C b	0	0
0	UGgam	AC0142-C a	60	0
0	UGgam	AC0142-C b	67	0
0	UGgam	AC0143-C a	2	0
0	UGgam	AC0143-C b	25	0
0	UGgam	AC0144-C a	23	0
0	UGgam	AC0144-C b	0	0
0	UGgam	AC0145-C a	2	0
0	UGgam	AC0145-C b	0	0
0	UGgam	AC0146-C a	2	0
0	UGgam	AC0146-C b	0	0
0	UGgam	AC0147-C a	2	0
0	UGgam	AC0147-C b	2	0
0	UGgam	AC0148-C a	0	0
0	UGgam	AC0148-C b	0	0
0	UGgam	AC0149-C a	2	0
0	UGgam	AC0149-C b	23	0
0	UGgam	AC0150-C a	2	0
0	UGgam	AC0150-C b	2	0
0	UGgam	AC0151-C a	0	0
0	UGgam	AC0151-C b	0	0
0	UGgam	AC0152-C a	0	0
0	UGgam	AC0152-C b	2	0
0	UGgam	AC0153-C a	2	0
0	UGgam	AC0153-C b	0	0
0	UGgam	AC0154-C a	0	0
0	UGgam	AC0154-C b	2	0
0	UGgam	AC0155-C a	0	0
0	UGgam	AC0155-C b	2	0
0	UGgam	AC0156-C a	0	0
0	UGgam	AC0156-C b	0	0
0	UGgam	AC0157-C a	2	0
0	UGgam	AC0157-C b	0	0
0	UGgam	AC0158-C a	61	0
0	UGgam	AC0158-C b	0	0
0	UGgam	AC0159-C a	0	0
0	UGgam	AC0159-C b	61	0
0	UGgam	AC0160-C a	17	0
0	UGgam	AC0160-C b	0	0
0	UGgam	AC0161-C a	0	0
0	UGgam	AC0161-C b	0	0
0	UGgam	AC0162-C a	2	0
0	UGgam	AC0162-C b	68	0
0	UGgam	AC0163-C a	0	0
0	UGgam	AC0163-C b	0	0
0	UGgam	AC0164-C a	0	0
0	UGgam	AC0164-C b	0	0
0	UGgam	AC0166-C a	2	0
0	UGgam	AC0166-C b	0	0
0	UGgam	AC0167-C a	29	0
0	UGgam	AC0167-C b	60	0
0	UGgam	AC0168-C a	2	0
0	UGgam	AC0168-C b	23	0
0	UGgam	AC0169-C a	0	0
0	UGgam	AC0169-C b	2	0
0	UGgam	AC0170-C a	2	0
0	UGgam	AC0170-C b	2	0
0	UGgam	AC0171-C a	2	0
0	UGgam	AC0171-C b	0	0
0	UGgam	AC0172-C a	0	0
0	UGgam	AC0172-C b	69	0
0	UGgam	AC0173-C a	0	0
0	UGgam	AC0173-C b	2	0
0	UGgam	AC0174-C a	0	0
0	UGgam	AC0174-C b	0	0
0	UGgam	AC0176-C a	70	0
0	UGgam	AC0176-C b	0	0
0	UGgam	AC0177-C a	56	0
0	UGgam	AC0177-C b	0	0
0	UGgam	AC0178-C a	71	0
0	UGgam	AC0178-C b	0	0
0	UGgam	AC0179-C a	61	0
0	UGgam	AC0179-C b	2	0
0	UGgam	AC0180-C a	0	0
0	UGgam	AC0180-C b	2	0
0	UGgam	AC0181-C a	18	0
0	UGgam	AC0181-C b	0	0
0	UGgam	AC0182-C a	61	0
0	UGgam	AC0182-C b	2	0
0	UGgam	AC0183-C a	0	0
0	UGgam	AC0183-C b	60	0
0	UGgam	AC0184-C a	33	0
0	UGgam	AC0184-C b	0	0
0	UGgam	AC0185-C a	2	0
0	UGgam	AC0185-C b	2	0
0	UGgam	AC0186-C a	2	0
0	UGgam	AC0186-C b	0	0
0	UGgam	AC0187-C a	72	0
0	UGgam	AC0187-C b	73	0
0	UGgam	AC0188-C a	2	0
0	UGgam	AC0188-C b	2	0
0	UGgam	AC0189-C a	17	0
0	UGgam	AC0189-C b	2	0
0	UGgam	AC0190-C a	0	0
0	UGgam	AC0190-C b	0	0
0	UGgam	AC0191-C a	2	0
0	UGgam	AC0191-C b	0	0
0	UGgam	AC0192-C a	2	0
0	UGgam	AC0192-C b	2	0
0	UGgam	AC0193-C a	0	0
0	UGgam	AC0193-C b	0	0
0	UGgam	AC0194-C a	2	0
5	UGgam	AC0194-C b	74	0
0	UGgam	AC0195-C a	0	0
0	UGgam	AC0195-C b	2	0
0	UGgam	AC0196-C a	0	0
0	UGgam	AC0196-C b	2	0
0	UGgam	AC0197-C a	0	0
0	UGgam	AC0197-C b	0	0
0	UGgam	AC0199-C a	75	0
0	UGgam	AC0199-C b	0	0
0	UGgam	AC0200-C a	60	0
0	UGgam	AC0200-C b	0	0
0	UGgam	AC0201-C a	0	0
0	UGgam	AC0201-C b	2	0
0	UGgam	AC0202-C a	0	0
0	UGgam	AC0202-C b	2	0
0	UGgam	AC0203-C a	62	0
0	UGgam	AC0203-C b	0	0
0	GM	AG0082-C a	0	0
0	GM	AG0082-C b	0	0
0	GM	AG0085-C a	0	0
0	GM	AG0085-C b	0	0
0	GM	AG0089-C a	0	0
0	GM	AG0089-C b	2	0
0	GM	AG0096-C a	0	0
0	GM	AG0096-C b	0	0
0	GM	AG0097-C a	0	0
0	GM	AG0097-C b	2	0
0	GM	AG0098-C a	0	0
0	GM	AG0098-C b	27	0
0	GM	AG0100-C a	0	0
0	GM	AG0100-C b	2	0
0	GM	AG0102-C a	2	0
0	GM	AG0102-C b	0	0
0	GM	AG0104-C a	0	0
0	GM	AG0104-C b	0	0
0	GM	AG0106-C a	0	0
0	GM	AG0106-C b	0	0
0	GM	AG0108-C a	76	0
0	GM	AG0108-C b	10	0
0	GM	AG0109-C a	2	0
0	GM	AG0109-C b	2	0
0	GM	AG0111-C a	2	0
0	GM	AG0111-C b	0	0
0	GM	AG0118-C a	0	0
0	GM	AG0118-C b	0	0
0	GM	AG0120-C a	10	0
0	GM	AG0120-C b	17	0
0	GM	AG0121-C a	27	0
0	GM	AG0121-C b	0	0
0	GM	AG0123-C a	17	0
0	GM	AG0123-C b	0	0
0	GM	AG0125-C a	76	0
0	GM	AG0125-C b	0	0
0	GM	AG0126-C a	2	0
0	GM	AG0126-C b	0	0
0	GM	AG0127-C a	0	0
0	GM	AG0127-C b	10	0
0	GM	AG0128-C a	2	0
0	GM	AG0128-C b	0	0
0	GM	AG0129-C a	10	0
0	GM	AG0129-C b	10	0
0	GM	AG0133-C a	0	0
0	GM	AG0133-C b	17	0
0	GM	AG0134-C a	0	0
0	GM	AG0134-C b	2	0
0	GM	AG0136-C a	0	0
0	GM	AG0136-C b	0	0
0	GM	AG0137-C a	2	0
0	GM	AG0137-C b	0	0
0	GM	AG0138-C a	2	0
0	GM	AG0138-C b	0	0
0	GM	AG0139-C a	0	0
0	GM	AG0139-C b	0	0
0	GM	AG0141-C a	2	0
0	GM	AG0141-C b	77	0
0	GM	AG0142-C a	0	0
0	GM	AG0142-C b	76	0
0	GM	AG0143-C a	2	0
0	GM	AG0143-C b	78	0
0	GM	AG0144-C a	2	0
0	GM	AG0144-C b	0	0
0	GM	AG0145-C a	0	0
0	GM	AG0145-C b	2	0
0	GM	AG0146-C a	0	0
0	GM	AG0146-C b	10	0
0	GM	AG0147-C a	2	0
0	GM	AG0147-C b	0	0
0	GM	AG0148-C a	2	0
0	GM	AG0148-C b	0	0
0	GM	AG0152-C a	0	0
0	GM	AG0152-C b	0	0
0	GM	AG0153-C a	0	0
0	GM	AG0153-C b	0	0
0	GM	AG0156-C a	77	0
0	GM	AG0156-C b	0	0
0	GM	AG0159-C a	0	0
0	GM	AG0159-C b	10	0
0	GM	AG0162-C a	0	0
0	GM	AG0162-C b	2	0
0	GM	AG0163-C a	2	0
0	GM	AG0163-C b	2	0
0	GM	AG0169-C a	0	0
0	GM	AG0169-C b	0	0
0	GM	AG0170-C a	2	0
0	GM	AG0170-C b	17	0
0	GM	AG0172-C a	0	0
0	GM	AG0172-C b	23	0
0	GM	AG0178-C a	0	0
0	GM	AG0178-C b	0	0
0	GM	AG0179-C a	2	0
0	GM	AG0179-C b	0	0
0	GM	AG0181-C a	2	0
0	GM	AG0181-C b	0	0
0	GM	AG0183-C a	0	0
0	GM	AG0183-C b	76	0
0	GM	AG0195-C a	0	0
0	GM	AG0195-C b	0	0
0	GM	AG0197-C a	79	0
0	GM	AG0197-C b	0	0
0	GM	AG0202-C a	2	0
0	GM	AG0202-C b	76	0
0	GM	AG0203-C a	0	0
0	GM	AG0203-C b	0	0
0	GM	AG0204-C a	76	0
0	GM	AG0204-C b	0	0
0	GM	AG0206-C a	0	0
0	GM	AG0206-C b	0	0
0	GM	AG0208-C a	76	0
0	GM	AG0208-C b	21	0
0	GM	AG0214-C a	0	0
0	GM	AG0214-C b	0	0
0	GM	AG0221-C a	80	0
0	GM	AG0221-C b	0	0
0	GM	AG0223-C a	76	0
0	GM	AG0223-C b	0	0
0	GM	AG0227-C a	2	0
0	GM	AG0227-C b	2	0
0	GM	AG0229-C a	2	0
0	GM	AG0229-C b	2	0
0	GM	AG0230-C a	0	0
0	GM	AG0230-C b	0	0
0	GM	AG0231-C a	0	0
0	GM	AG0231-C b	2	0
0	GM	AG0232-C a	0	0
0	GM	AG0232-C b	0	0
0	GM	AG0263-C a	0	0
0	GM	AG0263-C b	2	0
0	GW	AJ0023-C a	1	0
0	GW	AJ0023-C b	10	0
0	GW	AJ0024-C a	21	0
0	GW	AJ0024-C b	2	0
0	GW	AJ0028-C a	2	0
0	GW	AJ0028-C b	2	0
0	GW	AJ0032-C a	0	0
0	GW	AJ0032-C b	0	0
0	GW	AJ0035-C a	0	0
0	GW	AJ0035-C b	0	0
0	GW	AJ0036-C a	0	0
0	GW	AJ0036-C b	0	0
0	GW	AJ0037-C a	2	0
0	GW	AJ0037-C b	0	0
0	GW	AJ0038-C a	0	0
0	GW	AJ0038-C b	0	0
0	GW	AJ0039-C a	2	0
0	GW	AJ0039-C b	2	0
0	GW	AJ0043-C a	15	0
0	GW	AJ0043-C b	2	0
0	GW	AJ0044-C a	0	0
0	GW	AJ0044-C b	0	0
0	GW	AJ0045-C a	0	0
0	GW	AJ0045-C b	0	0
0	GW	AJ0047-C a	54	0
0	GW	AJ0047-C b	0	0
0	GW	AJ0051-C a	2	0
0	GW	AJ0051-C b	0	0
0	GW	AJ0052-C a	0	0
0	GW	AJ0052-C b	0	0
0	GW	AJ0056-C a	0	0
0	GW	AJ0056-C b	0	0
0	GW	AJ0059-C a	0	0
0	GW	AJ0059-C b	0	0
0	GW	AJ0060-C a	0	0
0	GW	AJ0060-C b	2	0
0	GW	AJ0061-C a	2	0
0	GW	AJ0061-C b	2	0
0	GW	AJ0063-C a	0	0
0	GW	AJ0063-C b	0	0
0	GW	AJ0064-C a	0	0
0	GW	AJ0064-C b	0	0
0	GW	AJ0066-C a	0	0
0	GW	AJ0066-C b	2	0
0	GW	AJ0068-C a	2	0
0	GW	AJ0068-C b	0	0
0	GW	AJ0070-C a	0	0
0	GW	AJ0070-C b	0	0
0	GW	AJ0071-C a	2	0
0	GW	AJ0071-C b	0	0
0	GW	AJ0072-C a	0	0
0	GW	AJ0072-C b	81	0
0	GW	AJ0074-C a	0	0
0	GW	AJ0074-C b	0	0
0	GW	AJ0075-C a	0	0
0	GW	AJ0075-C b	0	0
0	GW	AJ0076-C a	0	0
0	GW	AJ0076-C b	2	0
0	GW	AJ0077-C a	2	0
0	GW	AJ0077-C b	0	0
0	GW	AJ0078-C a	0	0
0	GW	AJ0078-C b	0	0
0	GW	AJ0080-C a	2	0
0	GW	AJ0080-C b	10	0
0	GW	AJ0081-C a	0	0
0	GW	AJ0081-C b	2	0
0	GW	AJ0084-C a	2	0
0	GW	AJ0084-C b	2	0
0	GW	AJ0085-C a	2	0
0	GW	AJ0085-C b	0	0
0	GW	AJ0086-C a	0	0
0	GW	AJ0086-C b	0	0
0	GW	AJ0087-C a	2	0
0	GW	AJ0087-C b	16	0
0	GW	AJ0088-C a	0	0
0	GW	AJ0088-C b	0	0
0	GW	AJ0090-C a	0	0
0	GW	AJ0090-C b	2	0
0	GW	AJ0092-C a	0	0
0	GW	AJ0092-C b	0	0
0	GW	AJ0093-C a	2	0
0	GW	AJ0093-C b	0	0
0	GW	AJ0095-C a	0	0
0	GW	AJ0095-C b	2	0
0	GW	AJ0096-C a	0	0
0	GW	AJ0096-C b	2	0
0	GW	AJ0097-C a	10	0
0	GW	AJ0097-C b	0	0
0	GW	AJ0098-C a	0	0
0	GW	AJ0098-C b	2	0
0	GW	AJ0099-C a	0	0
0	GW	AJ0099-C b	0	0
0	GW	AJ0100-C a	0	0
0	GW	AJ0100-C b	0	0
0	GW	AJ0101-C a	15	0
0	GW	AJ0101-C b	0	0
0	GW	AJ0102-C a	0	0
0	GW	AJ0102-C b	0	0
0	GW	AJ0103-C a	0	0
0	GW	AJ0103-C b	2	0
6	GW	AJ0105-C a	82	0
0	GW	AJ0105-C b	0	0
0	GW	AJ0107-C a	0	0
0	GW	AJ0107-C b	0	0
0	GW	AJ0109-C a	83	0
0	GW	AJ0109-C b	0	0
0	GW	AJ0113-C a	0	0
0	GW	AJ0113-C b	0	0
0	GW	AJ0115-C a	0	0
0	GW	AJ0115-C b	0	0
0	GW	AJ0116-C a	0	0
0	GW	AJ0116-C b	0	0
0	GW	AJ0117-C a	80	0
0	GW	AJ0117-C b	0	0
0	GW	AJ0119-C a	0	0
0	GW	AJ0119-C b	56	0
0	GW	AJ0128-C a	0	0
0	GW	AJ0128-C b	0	0
0	GW	AJ0129-C a	15	0
0	GW	AJ0129-C b	0	0
0	GW	AJ0130-C a	0	0
0	GW	AJ0130-C b	2	0
0	GW	AJ0131-C a	0	0
0	GW	AJ0131-C b	0	0
0	GW	AJ0132-C a	0	0
0	GW	AJ0132-C b	0	0
0	GW	AJ0133-C a	0	0
0	GW	AJ0133-C b	2	0
0	GW	AJ0134-C a	0	0
0	GW	AJ0134-C b	0	0
0	GW	AJ0135-C a	0	0
0	GW	AJ0135-C b	2	0
0	GW	AJ0136-C a	2	0
0	GW	AJ0136-C b	2	0
0	GW	AJ0137-C a	0	0
0	GW	AJ0137-C b	0	0
0	GW	AJ0138-C a	0	0
0	GW	AJ0138-C b	0	0
0	GW	AJ0139-C a	2	0
0	GW	AJ0139-C b	2	0
0	GW	AJ0140-C a	0	0
0	GW	AJ0140-C b	0	0
0	GW	AJ0141-C a	84	0
0	GW	AJ0141-C b	0	0
0	GW	AJ0142-C a	0	0
0	GW	AJ0142-C b	0	0
0	GW	AJ0143-C a	0	0
0	GW	AJ0143-C b	0	0
0	GW	AJ0144-C a	0	0
0	GW	AJ0144-C b	0	0
0	GW	AJ0145-C a	0	0
0	GW	AJ0145-C b	0	0
0	GW	AJ0146-C a	0	0
0	GW	AJ0146-C b	0	0
0	GW	AJ0147-C a	0	0
0	GW	AJ0147-C b	0	0
0	GW	AJ0148-C a	0	0
0	GW	AJ0148-C b	0	0
7	GW	AJ0149-C a	85	0
0	GW	AJ0149-C b	0	0
0	GW	AJ0150-C a	0	0
0	GW	AJ0150-C b	0	0
0	GW	AJ0151-C a	0	0
0	GW	AJ0151-C b	84	0
0	GW	AJ0152-C a	0	0
0	GW	AJ0152-C b	0	0
0	GW	AJ0153-C a	0	0
0	GW	AJ0153-C b	0	0
0	GW	AJ0154-C a	0	0
0	GW	AJ0154-C b	2	0
0	GW	AJ0155-C a	0	0
0	GW	AJ0155-C b	0	0
0	GW	AJ0156-C a	0	0
0	GW	AJ0156-C b	0	0
0	GW	AJ0157-C a	86	0
0	GW	AJ0157-C b	0	0
0	GW	AJ0158-C a	0	0
0	GW	AJ0158-C b	0	0
0	GW	AJ0159-C a	0	0
0	GW	AJ0159-C b	0	0
0	GW	AJ0161-C a	87	0
0	GW	AJ0161-C b	0	0
0	KE	AK0060-C a	0	0
0	KE	AK0060-C b	2	0
0	KE	AK0062-C a	2	0
0	KE	AK0062-C b	0	0
0	KE	AK0065-C a	0	0
0	KE	AK0065-C b	0	0
0	KE	AK0066-C a	2	0
0	KE	AK0066-C b	0	0
0	KE	AK0067-C a	0	0
0	KE	AK0067-C b	2	0
0	KE	AK0068-C a	2	0
0	KE	AK0068-C b	0	0
0	KE	AK0069-C a	2	0
0	KE	AK0069-C b	2	0
0	KE	AK0070-C a	2	0
0	KE	AK0070-C b	2	0
0	KE	AK0072-C a	2	0
0	KE	AK0072-C b	2	0
0	KE	AK0073-C a	2	0
0	KE	AK0073-C b	2	0
0	KE	AK0074-C a	2	0
0	KE	AK0074-C b	2	0
0	KE	AK0075-C a	2	0
0	KE	AK0075-C b	2	0
0	KE	AK0076-C a	2	0
0	KE	AK0076-C b	2	0
0	KE	AK0077-C a	2	0
0	KE	AK0077-C b	2	0
0	KE	AK0078-C a	0	0
0	KE	AK0078-C b	2	0
0	KE	AK0079-C a	2	0
0	KE	AK0079-C b	2	0
0	KE	AK0080-C a	2	0
0	KE	AK0080-C b	2	0
0	KE	AK0081-C a	2	0
0	KE	AK0081-C b	0	0
0	KE	AK0082-C a	2	0
0	KE	AK0082-C b	2	0
0	KE	AK0085-C a	0	0
0	KE	AK0085-C b	2	0
0	KE	AK0086-C a	2	0
0	KE	AK0086-C b	0	0
0	KE	AK0087-C a	0	0
0	KE	AK0087-C b	2	0
0	KE	AK0088-C a	0	0
0	KE	AK0088-C b	0	0
0	KE	AK0089-C a	0	0
0	KE	AK0089-C b	2	0
0	KE	AK0090-C a	0	0
0	KE	AK0090-C b	0	0
0	KE	AK0091-C a	2	0
0	KE	AK0091-C b	0	0
0	KE	AK0092-C a	0	0
0	KE	AK0092-C b	0	0
0	KE	AK0093-C a	2	0
0	KE	AK0093-C b	0	0
0	KE	AK0094-C a	0	0
0	KE	AK0094-C b	0	0
0	KE	AK0095-C a	2	0
0	KE	AK0095-C b	0	0
0	KE	AK0096-C a	2	0
0	KE	AK0096-C b	0	0
0	KE	AK0098-C a	0	0
0	KE	AK0098-C b	2	0
0	KE	AK0099-C a	0	0
0	KE	AK0099-C b	0	0
0	KE	AK0100-C a	0	0
0	KE	AK0100-C b	2	0
0	KE	AK0101-C a	2	0
0	KE	AK0101-C b	0	0
0	KE	AK0102-C a	0	0
0	KE	AK0102-C b	0	0
0	KE	AK0103-C a	2	0
0	KE	AK0103-C b	0	0
0	KE	AK0104-C a	2	0
0	KE	AK0104-C b	0	0
0	KE	AK0105-C a	0	0
0	KE	AK0105-C b	0	0
0	KE	AK0106-C a	0	0
0	KE	AK0106-C b	2	0
0	KE	AK0107-C a	2	0
0	KE	AK0107-C b	2	0
0	KE	AK0108-C a	2	0
0	KE	AK0108-C b	0	0
0	KE	AK0109-C a	0	0
0	KE	AK0109-C b	0	0
0	KE	AK0110-C a	2	0
0	KE	AK0110-C b	0	0
0	KE	AK0116-C a	0	0
0	KE	AK0116-C b	0	0
0	KE	AK0117-C a	2	0
0	KE	AK0117-C b	2	0
0	KE	AK0119-C a	0	0
0	KE	AK0119-C b	2	0
0	KE	AK0127-C a	0	0
0	KE	AK0127-C b	0	0
0	CMgam	AN0007-C a	88	0
0	CMgam	AN0007-C b	2	0
0	CMgam	AN0008-C a	0	0
0	CMgam	AN0008-C b	2	0
0	CMgam	AN0009-C a	2	0
0	CMgam	AN0009-C b	9	0
0	CMgam	AN0010-C a	75	0
0	CMgam	AN0010-C b	23	0
0	CMgam	AN0011-C a	2	0
0	CMgam	AN0011-C b	0	0
0	CMgam	AN0012-C a	2	0
0	CMgam	AN0012-C b	0	0
0	CMgam	AN0013-C a	89	0
0	CMgam	AN0013-C b	0	0
0	CMgam	AN0014-C a	0	0
0	CMgam	AN0014-C b	17	0
0	CMgam	AN0015-C a	0	0
0	CMgam	AN0015-C b	0	0
0	CMgam	AN0016-C a	0	0
0	CMgam	AN0016-C b	9	0
0	CMgam	AN0017-C a	2	0
0	CMgam	AN0017-C b	90	0
0	CMgam	AN0018-C a	2	0
0	CMgam	AN0018-C b	2	0
0	CMgam	AN0019-C a	91	0
0	CMgam	AN0019-C b	0	0
0	CMgam	AN0020-C a	0	0
0	CMgam	AN0020-C b	92	0
0	CMgam	AN0022-C a	2	0
0	CMgam	AN0022-C b	0	0
0	CMgam	AN0023-C a	0	0
0	CMgam	AN0023-C b	2	0
0	CMgam	AN0024-C a	0	0
0	CMgam	AN0024-C b	61	0
0	CMgam	AN0025-C a	2	0
0	CMgam	AN0025-C b	0	0
0	CMgam	AN0026-C a	93	0
0	CMgam	AN0026-C b	2	0
0	CMgam	AN0027-C a	75	0
0	CMgam	AN0027-C b	68	0
0	CMgam	AN0028-C a	0	0
0	CMgam	AN0028-C b	0	0
0	CMgam	AN0029-C a	2	0
0	CMgam	AN0029-C b	2	0
0	CMgam	AN0030-C a	2	0
0	CMgam	AN0030-C b	29	0
0	CMgam	AN0031-C a	0	0
0	CMgam	AN0031-C b	0	0
0	CMgam	AN0032-C a	11	0
0	CMgam	AN0032-C b	0	0
0	CMgam	AN0033-C a	2	0
0	CMgam	AN0033-C b	0	0
0	CMgam	AN0034-C a	0	0
0	CMgam	AN0034-C b	94	0
0	CMgam	AN0035-C a	2	0
0	CMgam	AN0035-C b	2	0
0	CMgam	AN0036-C a	2	0
8	CMgam	AN0036-C b	95	0
0	CMgam	AN0037-C a	0	0
0	CMgam	AN0037-C b	96	0
0	CMgam	AN0038-C a	2	0
0	CMgam	AN0038-C b	17	0
0	CMgam	AN0039-C a	0	0
0	CMgam	AN0039-C b	2	0
0	CMgam	AN0040-C a	0	0
0	CMgam	AN0040-C b	54	0
0	CMgam	AN0041-C a	90	0
0	CMgam	AN0041-C b	2	0
0	CMgam	AN0042-C a	2	0
0	CMgam	AN0042-C b	0	0
0	CMgam	AN0043-C a	0	0
0	CMgam	AN0043-C b	0	0
0	CMgam	AN0044-C a	0	0
0	CMgam	AN0044-C b	72	0
0	CMgam	AN0045-C a	0	0
0	CMgam	AN0045-C b	2	0
0	CMgam	AN0046-C a	2	0
0	CMgam	AN0046-C b	2	0
0	CMgam	AN0047-C a	2	0
0	CMgam	AN0047-C b	0	0
0	CMgam	AN0048-C a	97	0
0	CMgam	AN0048-C b	2	0
0	CMgam	AN0049-C a	2	0
0	CMgam	AN0049-C b	33	0
0	CMgam	AN0050-C a	98	0
0	CMgam	AN0050-C b	0	0
0	CMgam	AN0051-C a	2	0
0	CMgam	AN0051-C b	2	0
0	CMgam	AN0053-C a	2	0
0	CMgam	AN0053-C b	41	0
0	CMgam	AN0054-C a	0	0
0	CMgam	AN0054-C b	75	0
0	CMgam	AN0055-C a	67	0
0	CMgam	AN0055-C b	0	0
0	CMgam	AN0056-C a	29	0
0	CMgam	AN0056-C b	49	0
0	CMgam	AN0057-C a	61	0
0	CMgam	AN0057-C b	2	0
0	CMgam	AN0058-C a	99	0
0	CMgam	AN0058-C b	2	0
0	CMgam	AN0059-C a	2	0
0	CMgam	AN0059-C b	2	0
0	CMgam	AN0060-C a	29	0
0	CMgam	AN0060-C b	0	0
0	CMgam	AN0061-C a	2	0
0	CMgam	AN0061-C b	2	0
0	CMgam	AN0062-C a	100	0
0	CMgam	AN0062-C b	2	0
0	CMgam	AN0063-C a	0	0
0	CMgam	AN0063-C b	0	0
0	CMgam	AN0064-C a	11	0
0	CMgam	AN0064-C b	0	0
0	CMgam	AN0065-C a	0	0
0	CMgam	AN0065-C b	101	0
0	CMgam	AN0066-C a	2	0
0	CMgam	AN0066-C b	2	0
0	CMgam	AN0067-C a	0	0
0	CMgam	AN0067-C b	2	0
0	CMgam	AN0068-C a	2	0
0	CMgam	AN0068-C b	0	0
0	CMgam	AN0069-C a	2	0
0	CMgam	AN0069-C b	2	0
0	CMgam	AN0070-C a	0	0
0	CMgam	AN0070-C b	0	0
0	CMgam	AN0071-C a	0	0
0	CMgam	AN0071-C b	0	0
0	CMgam	AN0072-C a	0	0
0	CMgam	AN0072-C b	0	0
0	CMgam	AN0073-C a	2	0
0	CMgam	AN0073-C b	0	0
0	CMgam	AN0074-C a	0	0
0	CMgam	AN0074-C b	0	0
0	CMgam	AN0075-C a	0	0
0	CMgam	AN0075-C b	0	0
0	CMgam	AN0076-C a	90	0
0	CMgam	AN0076-C b	2	0
0	CMgam	AN0077-C a	0	0
0	CMgam	AN0077-C b	61	0
0	CMgam	AN0079-C a	102	0
0	CMgam	AN0079-C b	2	0
0	CMgam	AN0080-C a	25	0
0	CMgam	AN0080-C b	0	0
0	CMgam	AN0081-C a	0	0
0	CMgam	AN0081-C b	2	0
0	CMgam	AN0082-C a	103	1
0	CMgam	AN0082-C b	75	0
0	CMgam	AN0083-C a	2	0
0	CMgam	AN0083-C b	18	0
0	CMgam	AN0084-C a	0	0
0	CMgam	AN0084-C b	75	0
0	CMgam	AN0085-C a	55	0
0	CMgam	AN0085-C b	0	0
0	CMgam	AN0086-C a	2	0
0	CMgam	AN0086-C b	2	0
0	CMgam	AN0087-C a	0	0
0	CMgam	AN0087-C b	2	0
0	CMgam	AN0088-C a	104	0
0	CMgam	AN0088-C b	0	0
0	CMgam	AN0089-C a	0	0
0	CMgam	AN0089-C b	0	0
0	CMgam	AN0090-C a	2	0
0	CMgam	AN0090-C b	0	0
0	CMgam	AN0091-C a	0	0
0	CMgam	AN0091-C b	0	0
0	CMgam	AN0092-C a	2	0
0	CMgam	AN0092-C b	0	0
0	CMgam	AN0093-C a	2	0
0	CMgam	AN0093-C b	2	0
0	CMgam	AN0094-C a	2	0
0	CMgam	AN0094-C b	27	0
0	CMgam	AN0095-C a	2	0
0	CMgam	AN0095-C b	2	0
0	CMgam	AN0096-C a	0	0
0	CMgam	AN0096-C b	2	0
0	CMgam	AN0097-C a	18	0
0	CMgam	AN0097-C b	2	0
0	CMgam	AN0098-C a	2	0
0	CMgam	AN0098-C b	4	1
0	CMgam	AN0099-C a	2	0
0	CMgam	AN0099-C b	105	0
0	CMgam	AN0100-C a	2	0
0	CMgam	AN0100-C b	49	0
0	CMgam	AN0101-C a	2	0
0	CMgam	AN0101-C b	4	1
0	CMgam	AN0102-C a	2	0
0	CMgam	AN0102-C b	2	0
0	CMgam	AN0103-C a	29	0
0	CMgam	AN0103-C b	0	0
0	CMgam	AN0104-C a	0	0
0	CMgam	AN0104-C b	0	0
0	CMgam	AN0105-C a	2	0
0	CMgam	AN0105-C b	2	0
0	CMgam	AN0106-C a	0	0
0	CMgam	AN0106-C b	0	0
0	CMgam	AN0107-C a	0	0
0	CMgam	AN0107-C b	55	0
0	CMgam	AN0108-C a	0	0
0	CMgam	AN0108-C b	0	0
0	CMgam	AN0109-C a	0	0
0	CMgam	AN0109-C b	72	0
0	CMgam	AN0111-C a	2	0
0	CMgam	AN0111-C b	0	0
0	CMgam	AN0112-C a	2	0
0	CMgam	AN0112-C b	2	0
0	CMgam	AN0113-C a	2	0
0	CMgam	AN0113-C b	0	0
0	CMgam	AN0114-C a	106	0
0	CMgam	AN0114-C b	0	0
0	CMgam	AN0115-C a	2	0
0	CMgam	AN0115-C b	47	0
0	CMgam	AN0117-C a	0	0
0	CMgam	AN0117-C b	2	0
0	CMgam	AN0118-C a	0	0
9	CMgam	AN0118-C b	107	0
0	CMgam	AN0119-C a	41	0
0	CMgam	AN0119-C b	9	0
0	CMgam	AN0120-C a	23	0
0	CMgam	AN0120-C b	0	0
0	CMgam	AN0121-C a	0	0
0	CMgam	AN0121-C b	0	0
0	CMgam	AN0122-C a	2	0
0	CMgam	AN0122-C b	2	0
0	CMgam	AN0123-C a	17	0
0	CMgam	AN0123-C b	88	0
0	CMgam	AN0124-C a	2	0
0	CMgam	AN0124-C b	0	0
0	CMgam	AN0125-C a	17	0
0	CMgam	AN0125-C b	0	0
0	CMgam	AN0126-C a	2	0
0	CMgam	AN0126-C b	0	0
0	CMgam	AN0127-C a	2	0
0	CMgam	AN0127-C b	0	0
0	CMgam	AN0128-C a	0	0
0	CMgam	AN0128-C b	0	0
0	CMgam	AN0129-C a	2	0
0	CMgam	AN0129-C b	0	0
0	CMgam	AN0130-C a	0	0
0	CMgam	AN0130-C b	0	0
0	CMgam	AN0131-C a	9	0
0	CMgam	AN0131-C b	0	0
0	CMgam	AN0132-C a	108	0
0	CMgam	AN0132-C b	4	1
0	CMgam	AN0134-C a	2	0
0	CMgam	AN0134-C b	2	0
0	CMgam	AN0135-C a	2	0
0	CMgam	AN0135-C b	29	0
0	CMgam	AN0136-C a	97	0
0	CMgam	AN0136-C b	0	0
0	CMgam	AN0137-C a	109	0
0	CMgam	AN0137-C b	72	0
0	CMgam	AN0138-C a	2	0
0	CMgam	AN0138-C b	2	0
0	CMgam	AN0139-C a	2	0
0	CMgam	AN0139-C b	2	0
0	CMgam	AN0140-C a	2	0
0	CMgam	AN0140-C b	2	0
0	CMgam	AN0141-C a	2	0
0	CMgam	AN0141-C b	2	0
0	CMgam	AN0142-C a	0	0
0	CMgam	AN0142-C b	2	0
0	CMgam	AN0143-C a	0	0
0	CMgam	AN0143-C b	0	0
0	CMgam	AN0144-C a	2	0
0	CMgam	AN0144-C b	0	0
0	CMgam	AN0147-C a	2	0
0	CMgam	AN0147-C b	2	0
0	CMgam	AN0149-C a	110	0
0	CMgam	AN0149-C b	0	0
0	CMgam	AN0151-C a	2	0
0	CMgam	AN0151-C b	9	0
0	CMgam	AN0152-C a	2	0
0	CMgam	AN0152-C b	2	0
0	CMgam	AN0153-C a	0	0
0	CMgam	AN0153-C b	2	0
0	CMgam	AN0154-C a	111	0
0	CMgam	AN0154-C b	2	0
0	CMgam	AN0155-C a	0	0
0	CMgam	AN0155-C b	61	0
0	CMgam	AN0156-C a	0	0
0	CMgam	AN0156-C b	0	0
0	CMgam	AN0157-C a	72	0
0	CMgam	AN0157-C b	2	0
0	CMgam	AN0158-C a	2	0
0	CMgam	AN0158-C b	0	0
0	CMgam	AN0159-C a	0	0
0	CMgam	AN0159-C b	0	0
0	CMgam	AN0160-C a	2	0
0	CMgam	AN0160-C b	0	0
0	CMgam	AN0162-C a	0	0
0	CMgam	AN0162-C b	112	0
0	CMgam	AN0163-C a	0	0
0	CMgam	AN0163-C b	2	0
0	CMgam	AN0164-C a	103	1
0	CMgam	AN0164-C b	9	0
0	CMgam	AN0165-C a	0	0
0	CMgam	AN0165-C b	30	0
0	CMgam	AN0166-C a	2	0
0	CMgam	AN0166-C b	0	0
0	CMgam	AN0167-C a	2	0
0	CMgam	AN0167-C b	92	0
0	CMgam	AN0168-C a	2	0
0	CMgam	AN0168-C b	0	0
0	CMgam	AN0169-C a	2	0
0	CMgam	AN0169-C b	92	0
0	CMgam	AN0170-C a	0	0
0	CMgam	AN0170-C b	0	0
0	CMgam	AN0171-C a	72	0
0	CMgam	AN0171-C b	0	0
0	CMgam	AN0172-C a	0	0
0	CMgam	AN0172-C b	0	0
0	CMgam	AN0173-C a	61	0
0	CMgam	AN0173-C b	0	0
0	CMgam	AN0174-C a	2	0
0	CMgam	AN0174-C b	0	0
0	CMgam	AN0175-C a	0	0
0	CMgam	AN0175-C b	9	0
0	CMgam	AN0176-C a	0	0
0	CMgam	AN0176-C b	0	0
0	CMgam	AN0177-C a	0	0
0	CMgam	AN0177-C b	17	0
0	CMgam	AN0178-C a	2	0
0	CMgam	AN0178-C b	2	0
0	CMgam	AN0179-C a	2	0
0	CMgam	AN0179-C b	0	0
0	CMgam	AN0180-C a	0	0
0	CMgam	AN0180-C b	91	0
0	CMgam	AN0181-C a	75	0
0	CMgam	AN0181-C b	0	0
0	CMgam	AN0182-C a	0	0
0	CMgam	AN0182-C b	2	0
0	CMgam	AN0183-C a	2	0
0	CMgam	AN0183-C b	29	0
0	CMgam	AN0184-C a	2	0
0	CMgam	AN0184-C b	0	0
0	CMgam	AN0185-C a	2	0
10	CMgam	AN0185-C b	113	0
0	CMgam	AN0186-C a	2	0
0	CMgam	AN0186-C b	0	0
0	CMgam	AN0187-C a	75	0
0	CMgam	AN0187-C b	2	0
0	CMgam	AN0188-C a	2	0
0	CMgam	AN0188-C b	0	0
10	CMgam	AN0189-C a	113	0
0	CMgam	AN0189-C b	7	0
0	CMgam	AN0190-C a	0	0
0	CMgam	AN0190-C b	0	0
0	CMgam	AN0191-C a	0	0
0	CMgam	AN0191-C b	2	0
0	CMgam	AN0192-C a	2	0
0	CMgam	AN0192-C b	0	0
0	CMgam	AN0193-C a	111	0
0	CMgam	AN0193-C b	2	0
0	CMgam	AN0194-C a	2	0
0	CMgam	AN0194-C b	2	0
0	CMgam	AN0196-C a	2	0
0	CMgam	AN0196-C b	4	1
0	CMgam	AN0197-C a	0	0
0	CMgam	AN0197-C b	83	0
0	CMgam	AN0198-C a	2	0
0	CMgam	AN0198-C b	30	0
0	CMgam	AN0199-C a	17	0
0	CMgam	AN0199-C b	23	0
0	CMgam	AN0200-C a	0	0
0	CMgam	AN0200-C b	2	0
0	CMgam	AN0201-C a	9	0
0	CMgam	AN0201-C b	0	0
0	CMgam	AN0202-C a	2	0
0	CMgam	AN0202-C b	2	0
0	CMgam	AN0203-C a	2	0
0	CMgam	AN0203-C b	0	0
0	CMgam	AN0204-C a	2	0
0	CMgam	AN0204-C b	2	0
0	CMgam	AN0205-C a	60	0
0	CMgam	AN0205-C b	2	0
0	CMgam	AN0206-C a	2	0
0	CMgam	AN0206-C b	72	0
0	CMgam	AN0207-C a	0	0
0	CMgam	AN0207-C b	2	0
0	CMgam	AN0208-C a	2	0
0	CMgam	AN0208-C b	0	0
0	CMgam	AN0209-C a	0	0
0	CMgam	AN0209-C b	0	0
0	CMgam	AN0210-C a	0	0
0	CMgam	AN0210-C b	2	0
0	CMgam	AN0212-C a	91	0
0	CMgam	AN0212-C b	2	0
0	CMgam	AN0213-C a	2	0
0	CMgam	AN0213-C b	2	0
0	CMgam	AN0214-C a	2	0
0	CMgam	AN0214-C b	0	0
0	CMgam	AN0215-C a	0	0
0	CMgam	AN0215-C b	2	0
0	CMgam	AN0217-C a	0	0
0	CMgam	AN0217-C b	0	0
0	CMgam	AN0218-C a	2	0
0	CMgam	AN0218-C b	2	0
0	CMgam	AN0219-C a	0	0
0	CMgam	AN0219-C b	75	0
0	CMgam	AN0220-C a	30	0
0	CMgam	AN0220-C b	2	0
0	CMgam	AN0221-C a	0	0
0	CMgam	AN0221-C b	90	0
0	CMgam	AN0222-C a	114	0
0	CMgam	AN0222-C b	23	0
0	CMgam	AN0223-C a	2	0
0	CMgam	AN0223-C b	0	0
0	CMgam	AN0224-C a	0	0
0	CMgam	AN0224-C b	0	0
0	CMgam	AN0225-C a	0	0
0	CMgam	AN0225-C b	0	0
0	CMgam	AN0226-C a	0	0
0	CMgam	AN0226-C b	2	0
0	CMgam	AN0227-C a	0	0
0	CMgam	AN0227-C b	9	0
0	CMgam	AN0228-C a	2	0
0	CMgam	AN0228-C b	2	0
0	CMgam	AN0229-C a	0	0
0	CMgam	AN0229-C b	0	0
0	CMgam	AN0230-C a	0	0
0	CMgam	AN0230-C b	0	0
0	CMgam	AN0231-C a	2	0
0	CMgam	AN0231-C b	2	0
0	CMgam	AN0232-C a	0	0
0	CMgam	AN0232-C b	0	0
0	CMgam	AN0233-C a	2	0
0	CMgam	AN0233-C b	2	0
0	CMgam	AN0234-C a	2	0
0	CMgam	AN0234-C b	2	0
0	CMgam	AN0235-C a	115	0
0	CMgam	AN0235-C b	2	0
0	CMgam	AN0236-C a	2	0
0	CMgam	AN0236-C b	0	0
0	CMgam	AN0237-C a	0	0
0	CMgam	AN0237-C b	0	0
0	CMgam	AN0238-C a	17	0
0	CMgam	AN0238-C b	2	0
0	CMgam	AN0239-C a	2	0
0	CMgam	AN0239-C b	0	0
0	CMgam	AN0240-C a	9	0
0	CMgam	AN0240-C b	2	0
0	CMgam	AN0241-C a	2	0
0	CMgam	AN0241-C b	0	0
0	CMgam	AN0242-C a	61	0
0	CMgam	AN0242-C b	0	0
0	CMgam	AN0243-C a	0	0
0	CMgam	AN0243-C b	2	0
0	CMgam	AN0244-C a	2	0
0	CMgam	AN0244-C b	0	0
0	CMgam	AN0245-C a	68	0
0	CMgam	AN0245-C b	116	0
0	CMgam	AN0246-C a	2	0
0	CMgam	AN0246-C b	111	0
0	CMgam	AN0247-C a	0	0
0	CMgam	AN0247-C b	2	0
0	CMgam	AN0248-C a	9	0
0	CMgam	AN0248-C b	2	0
0	CMgam	AN0250-C a	2	0
0	CMgam	AN0250-C b	0	0
0	CMgam	AN0251-C a	2	0
0	CMgam	AN0251-C b	2	0
0	CMgam	AN0252-C a	2	0
0	CMgam	AN0252-C b	0	0
0	CMgam	AN0253-C a	0	0
0	CMgam	AN0253-C b	0	0
0	CMgam	AN0254-C a	0	0
0	CMgam	AN0254-C b	27	0
0	CMgam	AN0255-C a	0	0
0	CMgam	AN0255-C b	0	0
0	CMgam	AN0256-C a	75	0
0	CMgam	AN0256-C b	61	0
0	CMgam	AN0258-C a	0	0
0	CMgam	AN0258-C b	0	0
0	CMgam	AN0259-C a	0	0
0	CMgam	AN0259-C b	2	0
0	CMgam	AN0260-C a	2	0
0	CMgam	AN0260-C b	0	0
0	CMgam	AN0261-C a	2	0
0	CMgam	AN0261-C b	2	0
0	CMgam	AN0262-C a	117	0
0	CMgam	AN0262-C b	0	0
0	CMgam	AN0263-C a	2	0
0	CMgam	AN0263-C b	0	0
0	CMgam	AN0264-C a	2	0
0	CMgam	AN0264-C b	2	0
11	CMgam	AN0265-C a	118	0
0	CMgam	AN0265-C b	2	0
0	CMgam	AN0266-C a	0	0
0	CMgam	AN0266-C b	23	0
0	CMgam	AN0267-C a	0	0
0	CMgam	AN0267-C b	23	0
0	CMgam	AN0268-C a	2	0
0	CMgam	AN0268-C b	75	0
0	CMgam	AN0269-C a	2	0
0	CMgam	AN0269-C b	0	0
0	CMgam	AN0270-C a	0	0
0	CMgam	AN0270-C b	0	0
0	CMgam	AN0271-C a	0	0
0	CMgam	AN0271-C b	0	0
0	CMgam	AN0272-C a	0	0
0	CMgam	AN0272-C b	0	0
0	CMgam	AN0275-C a	0	0
0	CMgam	AN0275-C b	0	0
0	CMgam	AN0276-C a	2	0
0	CMgam	AN0276-C b	2	0
0	CMgam	AN0277-C a	0	0
0	CMgam	AN0277-C b	111	0
0	CMgam	AN0278-C a	2	0
0	CMgam	AN0278-C b	106	0
0	CMgam	AN0279-C a	0	0
0	CMgam	AN0279-C b	90	0
0	CMgam	AN0280-C a	2	0
0	CMgam	AN0280-C b	30	0
0	CMgam	AN0281-C a	2	0
0	CMgam	AN0281-C b	2	0
0	CMgam	AN0282-C a	90	0
0	CMgam	AN0282-C b	0	0
0	CMgam	AN0283-C a	23	0
0	CMgam	AN0283-C b	0	0
0	CMgam	AN0284-C a	2	0
0	CMgam	AN0284-C b	0	0
0	CMgam	AN0285-C a	0	0
0	CMgam	AN0285-C b	0	0
0	CMgam	AN0286-C a	2	0
0	CMgam	AN0286-C b	2	0
0	CMgam	AN0287-C a	0	0
0	CMgam	AN0287-C b	108	0
0	CMgam	AN0288-C a	0	0
0	CMgam	AN0288-C b	0	0
0	CMgam	AN0289-C a	2	0
0	CMgam	AN0289-C b	0	0
0	CMgam	AN0290-C a	0	0
0	CMgam	AN0290-C b	2	0
0	CMgam	AN0291-C a	2	0
0	CMgam	AN0291-C b	83	0
0	CMgam	AN0292-C a	0	0
0	CMgam	AN0292-C b	0	0
0	CMgam	AN0293-C a	0	0
0	CMgam	AN0293-C b	0	0
0	CMgam	AN0294-C a	2	0
0	CMgam	AN0294-C b	2	0
0	CMgam	AN0295-C a	0	0
0	CMgam	AN0295-C b	29	0
0	CMgam	AN0296-C a	9	0
0	CMgam	AN0296-C b	119	0
0	CMgam	AN0297-C a	0	0
0	CMgam	AN0297-C b	2	0
0	CMgam	AN0298-C a	2	0
0	CMgam	AN0298-C b	0	0
0	CMgam	AN0299-C a	0	0
0	CMgam	AN0299-C b	2	0
0	CMgam	AN0300-C a	2	0
0	CMgam	AN0300-C b	60	0
0	CMgam	AN0301-C a	2	0
0	CMgam	AN0301-C b	2	0
0	CMgam	AN0302-C a	0	0
0	CMgam	AN0302-C b	2	0
0	CMgam	AN0303-C a	0	0
0	CMgam	AN0303-C b	0	0
0	CMgam	AN0304-C a	0	0
0	CMgam	AN0304-C b	2	0
0	CMgam	AN0305-C a	2	0
0	CMgam	AN0305-C b	75	0
0	CMgam	AN0306-C a	2	0
0	CMgam	AN0306-C b	2	0
0	CMgam	AN0307-C a	30	0
0	CMgam	AN0307-C b	0	0
0	CMgam	AN0308-C a	99	0
0	CMgam	AN0308-C b	0	0
0	CMgam	AN0309-C a	2	0
0	CMgam	AN0309-C b	72	0
0	CMgam	AN0310-C a	100	0
0	CMgam	AN0310-C b	2	0
0	CMgam	AN0311-C a	0	0
0	CMgam	AN0311-C b	0	0
0	CMgam	AN0312-C a	55	0
0	CMgam	AN0312-C b	2	0
0	CMgam	AN0313-C a	63	0
0	CMgam	AN0313-C b	0	0
0	CMgam	AN0314-C a	27	0
0	CMgam	AN0314-C b	2	0
0	CMgam	AN0315-C a	0	0
0	CMgam	AN0315-C b	0	0
0	CMgam	AN0316-C a	75	0
0	CMgam	AN0316-C b	2	0
0	CMgam	AN0317-C a	0	0
0	CMgam	AN0317-C b	2	0
0	CMgam	AN0318-C a	2	0
0	CMgam	AN0318-C b	2	0
0	CMgam	AN0319-C a	0	0
0	CMgam	AN0319-C b	0	0
0	CMgam	AN0320-C a	0	0
0	CMgam	AN0320-C b	0	0
0	CMgam	AN0321-C a	2	0
0	CMgam	AN0321-C b	2	0
0	FRgam	AP0002-C a	0	0
0	FRgam	AP0002-C b	0	0
0	FRgam	AP0005-C a	0	0
0	FRgam	AP0005-C b	0	0
0	FRgam	AP0006-C a	0	0
0	FRgam	AP0006-C b	0	0
0	FRgam	AP0007-C a	0	0
0	FRgam	AP0007-C b	0	0
0	FRgam	AP0008-C a	0	0
0	FRgam	AP0008-C b	0	0
0	FRgam	AP0009-C a	0	0
0	FRgam	AP0009-C b	0	0
0	FRgam	AP0010-C a	0	0
0	FRgam	AP0010-C b	0	0
0	FRgam	AP0011-C a	0	0
0	FRgam	AP0011-C b	0	0
0	FRgam	AP0014-C a	0	0
0	FRgam	AP0014-C b	0	0
0	FRgam	AP0017-C a	0	0
0	FRgam	AP0017-C b	0	0
0	FRgam	AP0018-C a	0	0
0	FRgam	AP0018-C b	0	0
0	FRgam	AP0019-C a	0	0
0	FRgam	AP0019-C b	0	0
0	FRgam	AP0020-C a	0	0
0	FRgam	AP0020-C b	0	0
0	FRgam	AP0021-C a	0	0
0	FRgam	AP0021-C b	0	0
0	FRgam	AP0022-C a	0	0
0	FRgam	AP0022-C b	0	0
0	FRgam	AP0023-C a	0	0
0	FRgam	AP0023-C b	0	0
0	FRgam	AP0024-C a	0	0
0	FRgam	AP0024-C b	0	0
0	FRgam	AP0025-C a	0	0
0	FRgam	AP0025-C b	0	0
0	FRgam	AP0030-C a	0	0
0	FRgam	AP0030-C b	0	0
0	FRgam	AP0031-C a	0	0
0	FRgam	AP0031-C b	0	0
0	FRgam	AP0032-C a	0	0
0	FRgam	AP0032-C b	0	0
0	FRgam	AP0033-C a	0	0
0	FRgam	AP0033-C b	0	0
0	FRgam	AP0034-C a	0	0
0	FRgam	AP0034-C b	0	0
0	FRgam	AP0035-C a	0	0
0	FRgam	AP0035-C b	0	0
0	GQgam	AQ0001-C a	0	0
0	GQgam	AQ0001-C b	2	0
0	GQgam	AQ0002-C a	2	0
0	GQgam	AQ0002-C b	83	0
0	GQgam	AQ0004-C a	0	0
0	GQgam	AQ0004-C b	0	0
0	GQgam	AQ0005-C a	0	0
0	GQgam	AQ0005-C b	0	0
0	GQgam	AQ0011-C a	2	0
0	GQgam	AQ0011-C b	83	0
0	GQgam	AQ0012-C a	2	0
0	GQgam	AQ0012-C b	83	0
0	GQgam	AQ0013-C a	83	0
0	GQgam	AQ0013-C b	2	0
0	GQgam	AQ0014-C a	2	0
0	GQgam	AQ0014-C b	2	0
0	GQgam	AQ0015-C a	0	0
0	GQgam	AQ0015-C b	0	0
12	AOcol	AR0001-C a	120	0
0	AOcol	AR0001-C b	2	0
0	AOcol	AR0007-C a	2	0
0	AOcol	AR0007-C b	2	0
0	AOcol	AR0008-C a	2	0
0	AOcol	AR0008-C b	2	0
0	AOcol	AR0009-C a	2	0
0	AOcol	AR0009-C b	2	0
12	AOcol	AR0010-C a	120	0
0	AOcol	AR0010-C b	0	0
0	AOcol	AR0011-C a	0	0
0	AOcol	AR0011-C b	0	0
0	AOcol	AR0012-C a	0	0
0	AOcol	AR0012-C b	2	0
0	AOcol	AR0013-C a	2	0
0	AOcol	AR0013-C b	121	0
0	AOcol	AR0014-C a	2	0
0	AOcol	AR0014-C b	2	0
0	AOcol	AR0015-C a	2	0
0	AOcol	AR0015-C b	2	0
0	AOcol	AR0016-C a	2	0
0	AOcol	AR0016-C b	2	0
0	AOcol	AR0017-C a	2	0
0	AOcol	AR0017-C b	2	0
0	AOcol	AR0018-C a	122	0
0	AOcol	AR0018-C b	2	0
0	AOcol	AR0019-C a	2	0
0	AOcol	AR0019-C b	2	0
0	AOcol	AR0020-C a	0	0
0	AOcol	AR0020-C b	2	0
0	AOcol	AR0021-C a	0	0
0	AOcol	AR0021-C b	2	0
0	AOcol	AR0022-C a	2	0
0	AOcol	AR0022-C b	2	0
0	AOcol	AR0023-C a	2	0
0	AOcol	AR0023-C b	2	0
0	AOcol	AR0024-C a	121	0
0	AOcol	AR0024-C b	2	0
0	AOcol	AR0026-C a	2	0
0	AOcol	AR0026-C b	2	0
0	AOcol	AR0027-C a	2	0
0	AOcol	AR0027-C b	2	0
0	AOcol	AR0034-C a	2	0
0	AOcol	AR0034-C b	2	0
0	AOcol	AR0035-C a	2	0
0	AOcol	AR0035-C b	0	0
0	AOcol	AR0036-C a	2	0
0	AOcol	AR0036-C b	2	0
12	AOcol	AR0038-C a	120	0
0	AOcol	AR0038-C b	0	0
0	AOcol	AR0040-C a	2	0
0	AOcol	AR0040-C b	2	0
0	AOcol	AR0042-C a	2	0
0	AOcol	AR0042-C b	2	0
0	AOcol	AR0043-C a	2	0
0	AOcol	AR0043-C b	2	0
0	AOcol	AR0044-C a	2	0
0	AOcol	AR0044-C b	2	0
0	AOcol	AR0045-C a	2	0
0	AOcol	AR0045-C b	2	0
0	AOcol	AR0046-C a	2	0
0	AOcol	AR0046-C b	2	0
0	AOcol	AR0047-C a	2	0
0	AOcol	AR0047-C b	2	0
0	AOcol	AR0048-C a	0	0
0	AOcol	AR0048-C b	2	0
0	AOcol	AR0049-C a	2	0
0	AOcol	AR0049-C b	2	0
0	AOcol	AR0050-C a	0	0
0	AOcol	AR0050-C b	2	0
0	AOcol	AR0051-C a	2	0
0	AOcol	AR0051-C b	2	0
0	AOcol	AR0052-C a	0	0
0	AOcol	AR0052-C b	2	0
0	AOcol	AR0053-C a	121	0
0	AOcol	AR0053-C b	121	0
0	AOcol	AR0054-C a	2	0
0	AOcol	AR0054-C b	2	0
0	AOcol	AR0057-C a	2	0
0	AOcol	AR0057-C b	2	0
0	AOcol	AR0059-C a	121	0
0	AOcol	AR0059-C b	0	0
0	AOcol	AR0060-C a	2	0
0	AOcol	AR0060-C b	0	0
0	AOcol	AR0061-C a	2	0
0	AOcol	AR0061-C b	0	0
0	AOcol	AR0062-C a	0	0
0	AOcol	AR0062-C b	2	0
0	AOcol	AR0063-C a	2	0
0	AOcol	AR0063-C b	0	0
0	AOcol	AR0064-C a	2	0
0	AOcol	AR0064-C b	2	0
0	AOcol	AR0065-C a	2	0
0	AOcol	AR0065-C b	0	0
0	AOcol	AR0066-C a	0	0
0	AOcol	AR0066-C b	2	0
0	AOcol	AR0069-C a	2	0
0	AOcol	AR0069-C b	2	0
0	AOcol	AR0070-C a	0	0
0	AOcol	AR0070-C b	0	0
0	AOcol	AR0071-C a	2	0
0	AOcol	AR0071-C b	0	0
0	AOcol	AR0072-C a	2	0
0	AOcol	AR0072-C b	0	0
0	AOcol	AR0073-C a	2	0
0	AOcol	AR0073-C b	0	0
0	AOcol	AR0074-C a	2	0
0	AOcol	AR0074-C b	0	0
0	AOcol	AR0075-C a	2	0
0	AOcol	AR0075-C b	0	0
0	AOcol	AR0076-C a	2	0
0	AOcol	AR0076-C b	2	0
0	AOcol	AR0077-C a	2	0
0	AOcol	AR0077-C b	2	0
0	AOcol	AR0078-C a	2	0
0	AOcol	AR0078-C b	0	0
0	AOcol	AR0079-C a	2	0
0	AOcol	AR0079-C b	2	0
0	AOcol	AR0080-C a	121	0
0	AOcol	AR0080-C b	2	0
0	AOcol	AR0081-C a	2	0
0	AOcol	AR0081-C b	0	0
12	AOcol	AR0082-C a	123	0
0	AOcol	AR0082-C b	2	0
0	AOcol	AR0083-C a	2	0
0	AOcol	AR0083-C b	2	0
0	AOcol	AR0084-C a	0	0
0	AOcol	AR0084-C b	2	0
0	AOcol	AR0085-C a	2	0
0	AOcol	AR0085-C b	2	0
0	AOcol	AR0086-C a	2	0
0	AOcol	AR0086-C b	2	0
0	AOcol	AR0087-C a	121	0
0	AOcol	AR0087-C b	2	0
12	AOcol	AR0088-C a	120	0
12	AOcol	AR0088-C b	120	0
0	AOcol	AR0089-C a	2	0
0	AOcol	AR0089-C b	0	0
0	AOcol	AR0090-C a	0	0
0	AOcol	AR0090-C b	2	0
0	AOcol	AR0092-C a	0	0
0	AOcol	AR0092-C b	2	0
0	AOcol	AR0093-C a	0	0
0	AOcol	AR0093-C b	0	0
0	AOcol	AR0095-C a	2	0
0	AOcol	AR0095-C b	2	0
0	AOcol	AR0096-C a	0	0
0	AOcol	AR0096-C b	2	0
0	AOcol	AR0097-C a	2	0
0	AOcol	AR0097-C b	0	0
0	AOcol	AR0098-C a	2	0
0	AOcol	AR0098-C b	2	0
0	AOcol	AR0099-C a	2	0
0	AOcol	AR0099-C b	2	0
0	AOcol	AR0100-C a	2	0
0	AOcol	AR0100-C b	2	0
0	GAgam	AS0001-C a	67	0
0	GAgam	AS0001-C b	2	0
0	GAgam	AS0002-C a	2	0
0	GAgam	AS0002-C b	75	0
0	GAgam	AS0003-C a	29	0
0	GAgam	AS0003-C b	2	0
0	GAgam	AS0004-C a	2	0
0	GAgam	AS0004-C b	2	0
0	GAgam	AS0005-C a	2	0
0	GAgam	AS0005-C b	67	0
0	GAgam	AS0006-C a	67	0
0	GAgam	AS0006-C b	2	0
0	GAgam	AS0007-C a	2	0
0	GAgam	AS0007-C b	2	0
0	GAgam	AS0008-C a	75	0
0	GAgam	AS0008-C b	75	0
0	GAgam	AS0009-C a	2	0
0	GAgam	AS0009-C b	75	0
0	GAgam	AS0010-C a	2	0
0	GAgam	AS0010-C b	2	0
0	GAgam	AS0011-C a	0	0
0	GAgam	AS0011-C b	2	0
0	GAgam	AS0012-C a	0	0
0	GAgam	AS0012-C b	2	0
0	GAgam	AS0013-C a	2	0
0	GAgam	AS0013-C b	0	0
0	GAgam	AS0014-C a	57	0
0	GAgam	AS0014-C b	0	0
0	GAgam	AS0015-C a	2	0
0	GAgam	AS0015-C b	2	0
0	GAgam	AS0016-C a	75	0
0	GAgam	AS0016-C b	2	0
0	GAgam	AS0017-C a	67	0
0	GAgam	AS0017-C b	75	0
0	GAgam	AS0018-C a	2	0
0	GAgam	AS0018-C b	0	0
0	GAgam	AS0019-C a	2	0
0	GAgam	AS0019-C b	2	0
0	GAgam	AS0020-C a	2	0
0	GAgam	AS0020-C b	75	0
0	GAgam	AS0021-C a	2	0
0	GAgam	AS0021-C b	2	0
0	GAgam	AS0022-C a	0	0
0	GAgam	AS0022-C b	67	0
0	GAgam	AS0024-C a	2	0
0	GAgam	AS0024-C b	2	0
0	GAgam	AS0025-C a	67	0
0	GAgam	AS0025-C b	2	0
0	GAgam	AS0026-C a	2	0
0	GAgam	AS0026-C b	0	0
0	GAgam	AS0027-C a	67	0
0	GAgam	AS0027-C b	2	0
0	GAgam	AS0028-C a	2	0
0	GAgam	AS0028-C b	2	0
0	GAgam	AS0029-C a	2	0
0	GAgam	AS0029-C b	2	0
0	GAgam	AS0030-C a	2	0
0	GAgam	AS0030-C b	75	0
0	GAgam	AS0032-C a	75	0
0	GAgam	AS0032-C b	75	0
0	GAgam	AS0033-C a	2	0
0	GAgam	AS0033-C b	2	0
0	GAgam	AS0034-C a	75	0
0	GAgam	AS0034-C b	0	0
0	GAgam	AS0035-C a	0	0
0	GAgam	AS0035-C b	2	0
0	GAgam	AS0036-C a	67	0
0	GAgam	AS0036-C b	2	0
0	GAgam	AS0037-C a	0	0
0	GAgam	AS0037-C b	29	0
0	GAgam	AS0039-C a	0	0
0	GAgam	AS0039-C b	2	0
0	GAgam	AS0040-C a	67	0
0	GAgam	AS0040-C b	29	0
0	GAgam	AS0041-C a	119	0
0	GAgam	AS0041-C b	2	0
0	GAgam	AS0042-C a	2	0
0	GAgam	AS0042-C b	0	0
0	GAgam	AS0044-C a	67	0
0	GAgam	AS0044-C b	2	0
0	GAgam	AS0045-C a	2	0
0	GAgam	AS0045-C b	0	0
0	GAgam	AS0046-C a	75	0
0	GAgam	AS0046-C b	2	0
0	GAgam	AS0047-C a	67	0
0	GAgam	AS0047-C b	2	0
0	GAgam	AS0048-C a	17	0
0	GAgam	AS0048-C b	75	0
0	GAgam	AS0049-C a	67	0
0	GAgam	AS0049-C b	2	0
0	GAgam	AS0051-C a	75	0
0	GAgam	AS0051-C b	2	0
0	GAgam	AS0052-C a	61	0
0	GAgam	AS0052-C b	17	0
0	GAgam	AS0053-C a	0	0
0	GAgam	AS0053-C b	0	0
0	GAgam	AS0054-C a	2	0
0	GAgam	AS0054-C b	2	0
0	GAgam	AS0055-C a	75	0
0	GAgam	AS0055-C b	67	0
0	GAgam	AS0056-C a	2	0
0	GAgam	AS0056-C b	2	0
0	GAgam	AS0057-C a	75	0
0	GAgam	AS0057-C b	2	0
0	GAgam	AS0058-C a	75	0
0	GAgam	AS0058-C b	2	0
0	GAgam	AS0059-C a	75	0
0	GAgam	AS0059-C b	67	0
0	GAgam	AS0060-C a	29	0
0	GAgam	AS0060-C b	2	0
0	GAgam	AS0062-C a	2	0
0	GAgam	AS0062-C b	2	0
0	GAgam	AS0064-C a	75	0
0	GAgam	AS0064-C b	67	0
0	GAgam	AS0065-C a	0	0
0	GAgam	AS0065-C b	0	0
0	GAgam	AS0066-C a	124	0
0	GAgam	AS0066-C b	0	0
0	GAgam	AS0068-C a	2	0
0	GAgam	AS0068-C b	2	0
0	GAgam	AS0069-C a	2	0
0	GAgam	AS0069-C b	67	0
0	GAgam	AS0070-C a	0	0
0	GAgam	AS0070-C b	75	0
0	GAgam	AS0071-C a	2	0
0	GAgam	AS0071-C b	17	0
0	GAgam	AS0072-C a	0	0
0	GAgam	AS0072-C b	75	0
0	GAgam	AS0073-C a	2	0
0	GAgam	AS0073-C b	0	0
0	GAgam	AS0074-C a	2	0
0	GAgam	AS0074-C b	2	0
0	GAgam	AS0076-C a	75	0
0	GAgam	AS0076-C b	67	0
0	GAgam	AS0077-C a	75	0
0	GAgam	AS0077-C b	2	0
0	GAgam	AS0078-C a	2	0
0	GAgam	AS0078-C b	29	0
0	GNgam	AV0001-C a	4	1
0	GNgam	AV0001-C b	1	0
0	GNgam	AV0002-C a	2	0
0	GNgam	AV0002-C b	0	0
0	GNgam	AV0003-C a	2	0
0	GNgam	AV0003-C b	0	0
0	GNgam	AV0004-C a	2	0
0	GNgam	AV0004-C b	0	0
0	GNgam	AV0005-C a	2	0
0	GNgam	AV0005-C b	4	1
0	GNgam	AV0006-C a	2	0
0	GNgam	AV0006-C b	0	0
0	GNgam	AV0007-C a	2	0
0	GNgam	AV0007-C b	125	0
0	GNgam	AV0008-C a	0	0
0	GNgam	AV0008-C b	2	0
0	GNgam	AV0009-C a	2	0
0	GNgam	AV0009-C b	2	0
0	GNgam	AV0010-C a	2	0
0	GNgam	AV0010-C b	2	0
0	GNgam	AV0011-C a	7	0
0	GNgam	AV0011-C b	0	0
0	GNgam	AV0012-C a	0	0
0	GNgam	AV0012-C b	2	0
0	GNgam	AV0013-C a	2	0
0	GNgam	AV0013-C b	0	0
0	GNgam	AV0014-C a	9	0
0	GNgam	AV0014-C b	83	0
0	GNgam	AV0015-C a	2	0
0	GNgam	AV0015-C b	0	0
0	GNgam	AV0017-C a	2	0
0	GNgam	AV0017-C b	105	0
0	GNgam	AV0018-C a	17	0
0	GNgam	AV0018-C b	0	0
0	GNgam	AV0020-C a	4	1
0	GNgam	AV0020-C b	23	0
0	GNgam	AV0021-C a	0	0
0	GNgam	AV0021-C b	2	0
0	GNgam	AV0022-C a	2	0
0	GNgam	AV0022-C b	2	0
0	GNgam	AV0024-C a	0	0
0	GNgam	AV0024-C b	0	0
0	GNgam	AV0025-C a	2	0
0	GNgam	AV0025-C b	0	0
0	GNgam	AV0026-C a	4	1
0	GNgam	AV0026-C b	0	0
0	GNgam	AV0027-C a	0	0
0	GNgam	AV0027-C b	0	0
0	GNgam	AV0028-C a	0	0
0	GNgam	AV0028-C b	0	0
0	GNgam	AV0029-C a	4	1
0	GNgam	AV0029-C b	2	0
0	GNgam	AV0030-C a	23	0
0	GNgam	AV0030-C b	0	0
0	GNgam	AV0031-C a	2	0
0	GNgam	AV0031-C b	4	1
0	GNgam	AV0032-C a	0	0
0	GNgam	AV0032-C b	2	0
0	GNgam	AV0033-C a	4	1
0	GNgam	AV0033-C b	2	0
0	GNgam	AV0034-C a	126	0
0	GNgam	AV0034-C b	96	0
0	GNgam	AV0035-C a	2	0
0	GNgam	AV0035-C b	2	0
0	GNgam	AV0036-C a	4	1
0	GNgam	AV0036-C b	2	0
0	GNgam	AV0037-C a	2	0
0	GNgam	AV0037-C b	0	0
0	GNcol	AV0038-C a	2	0
0	GNcol	AV0038-C b	127	0
0	GNgam	AV0039-C a	2	0
0	GNgam	AV0039-C b	0	0
0	GNcol	AV0040-C a	2	0
0	GNcol	AV0040-C b	0	0
0	GNgam	AV0041-C a	0	0
0	GNgam	AV0041-C b	4	1
0	GNcol	AV0042-C a	0	0
0	GNcol	AV0042-C b	0	0
0	GNgam	AV0043-C a	2	0
0	GNgam	AV0043-C b	0	0
0	GNgam	AV0044-C a	122	0
0	GNgam	AV0044-C b	0	0
0	GNgam	AV0045-C a	2	0
0	GNgam	AV0045-C b	0	0
0	GNcol	AV0046-C a	0	0
0	GNcol	AV0046-C b	2	0
0	GNgam	AV0047-C a	2	0
0	GNgam	AV0047-C b	2	0
0	CIcol	AY0006-C a	0	0
0	CIcol	AY0006-C b	2	0
0	CIcol	AY0007-C a	2	0
0	CIcol	AY0007-C b	4	1
0	CIcol	AY0010-C a	2	0
0	CIcol	AY0010-C b	2	0
0	CIcol	AY0011-C a	2	0
0	CIcol	AY0011-C b	4	1
0	CIcol	AY0012-C a	2	0
0	CIcol	AY0012-C b	4	1
0	CIcol	AY0013-C a	4	1
0	CIcol	AY0013-C b	2	0
0	CIcol	AY0015-C a	4	1
0	CIcol	AY0015-C b	0	0
0	CIcol	AY0016-C a	2	0
0	CIcol	AY0016-C b	4	1
0	CIcol	AY0017-C a	0	0
0	CIcol	AY0017-C b	4	1
0	CIcol	AY0018-C a	0	0
0	CIcol	AY0018-C b	4	1
0	CIcol	AY0019-C a	2	0
0	CIcol	AY0019-C b	2	0
0	CIcol	AY0020-C a	2	0
0	CIcol	AY0020-C b	0	0
0	CIcol	AY0021-C a	0	0
0	CIcol	AY0021-C b	0	0
0	CIcol	AY0023-C a	128	1
0	CIcol	AY0023-C b	2	0
0	CIcol	AY0024-C a	20	0
0	CIcol	AY0024-C b	4	1
0	CIcol	AY0025-C a	4	1
0	CIcol	AY0025-C b	2	0
0	CIcol	AY0026-C a	4	1
0	CIcol	AY0026-C b	110	0
0	CIcol	AY0027-C a	4	1
0	CIcol	AY0027-C b	2	0
0	CIcol	AY0029-C a	2	0
0	CIcol	AY0029-C b	4	1
0	CIcol	AY0031-C a	2	0
0	CIcol	AY0031-C b	4	1
0	CIcol	AY0032-C a	4	1
0	CIcol	AY0032-C b	2	0
0	CIcol	AY0033-C a	4	1
0	CIcol	AY0033-C b	0	0
0	CIcol	AY0034-C a	129	0
0	CIcol	AY0034-C b	4	1
0	CIcol	AY0035-C a	4	1
0	CIcol	AY0035-C b	0	0
0	CIcol	AY0036-C a	4	1
0	CIcol	AY0036-C b	2	0
0	CIcol	AY0038-C a	0	0
0	CIcol	AY0038-C b	4	1
0	CIcol	AY0039-C a	4	1
0	CIcol	AY0039-C b	2	0
0	CIcol	AY0040-C a	110	0
0	CIcol	AY0040-C b	2	0
0	CIcol	AY0041-C a	0	0
0	CIcol	AY0041-C b	0	0
13	CIcol	AY0042-C a	130	1
0	CIcol	AY0042-C b	131	0
0	CIcol	AY0043-C a	2	0
0	CIcol	AY0043-C b	2	0
0	CIcol	AY0045-C a	2	0
0	CIcol	AY0045-C b	4	1
0	CIcol	AY0046-C a	0	0
0	CIcol	AY0046-C b	4	1
0	CIcol	AY0047-C a	4	1
0	CIcol	AY0047-C b	2	0
0	CIcol	AY0048-C a	4	1
0	CIcol	AY0048-C b	2	0
0	CIcol	AY0049-C a	2	0
0	CIcol	AY0049-C b	4	1
0	CIcol	AY0050-C a	2	0
0	CIcol	AY0050-C b	4	1
0	CIcol	AY0052-C a	4	1
0	CIcol	AY0052-C b	2	0
0	CIcol	AY0053-C a	2	0
0	CIcol	AY0053-C b	4	1
0	CIcol	AY0054-C a	2	0
0	CIcol	AY0054-C b	0	0
0	CIcol	AY0055-C a	4	1
0	CIcol	AY0055-C b	2	0
0	CIcol	AY0056-C a	0	0
0	CIcol	AY0056-C b	4	1
0	CIcol	AY0057-C a	0	0
0	CIcol	AY0057-C b	4	1
0	CIcol	AY0058-C a	2	0
0	CIcol	AY0058-C b	4	1
0	CIcol	AY0059-C a	2	0
0	CIcol	AY0059-C b	4	1
0	CIcol	AY0060-C a	4	1
0	CIcol	AY0060-C b	0	0
0	CIcol	AY0061-C a	2	0
0	CIcol	AY0061-C b	4	1
0	CIcol	AY0062-C a	4	1
0	CIcol	AY0062-C b	110	0
0	CIcol	AY0063-C a	4	1
0	CIcol	AY0063-C b	20	0
0	CIcol	AY0064-C a	4	1
0	CIcol	AY0064-C b	2	0
0	CIcol	AY0065-C a	2	0
0	CIcol	AY0065-C b	4	1
0	CIcol	AY0066-C a	2	0
0	CIcol	AY0066-C b	132	1
0	CIcol	AY0067-C a	2	0
0	CIcol	AY0067-C b	4	1
0	CIcol	AY0068-C a	4	1
0	CIcol	AY0068-C b	0	0
0	CIcol	AY0069-C a	4	1
0	CIcol	AY0069-C b	2	0
0	CIcol	AY0070-C a	0	0
0	CIcol	AY0070-C b	4	1
0	CIcol	AY0072-C a	0	0
0	CIcol	AY0072-C b	4	1
0	CIcol	AY0074-C a	2	0
0	CIcol	AY0074-C b	4	1
0	CIcol	AY0076-C a	4	1
0	CIcol	AY0076-C b	2	0
0	CIcol	AY0077-C a	4	1
0	CIcol	AY0077-C b	2	0
0	CIcol	AY0078-C a	4	1
0	CIcol	AY0078-C b	0	0
0	CIcol	AY0079-C a	4	1
0	CIcol	AY0079-C b	2	0
0	CIcol	AY0080-C a	2	0
0	CIcol	AY0080-C b	4	1
0	CIcol	AY0082-C a	4	1
0	CIcol	AY0082-C b	2	0
0	CIcol	AY0083-C a	0	0
0	CIcol	AY0083-C b	4	1
0	CIcol	AY0085-C a	0	0
0	CIcol	AY0085-C b	0	0
0	CIcol	AY0087-C a	4	1
0	CIcol	AY0087-C b	20	0
0	CIcol	AY0088-C a	4	1
0	CIcol	AY0088-C b	2	0
0	CIcol	AY0089-C a	0	0
0	CIcol	AY0089-C b	4	1
0	CIcol	AY0090-C a	2	0
0	CIcol	AY0090-C b	4	1
0	CIcol	AY0091-C a	4	1
0	CIcol	AY0091-C b	2	0
